
../obj/EPC_DCBM.elf:     file format elf32-littlearm

Sections:
Idx Name          Size      VMA       LMA       File off  Algn
  0 .vectors      000003c0  00000000  00000000  00001000  2**2
                  CONTENTS, ALLOC, LOAD, READONLY, DATA
  1 .icg_sec      00000020  00000400  00000400  00001400  2**2
                  CONTENTS, ALLOC, LOAD, READONLY, DATA
  2 .text         00001270  00000420  00000420  00001420  2**2
                  CONTENTS, ALLOC, LOAD, READONLY, CODE
  3 .rodata       00000000  00001690  00001690  00003004  2**0
                  CONTENTS, ALLOC, LOAD, DATA
  4 .preinit_array 00000000  00001690  00001690  00003004  2**0
                  CONTENTS, ALLOC, LOAD, DATA
  5 .init_array   00000000  00001690  00001690  00003004  2**0
                  CONTENTS, ALLOC, LOAD, DATA
  6 .fini_array   00000000  00001690  00001690  00003004  2**0
                  CONTENTS, ALLOC, LOAD, DATA
  7 .data         00000004  1fff8000  00001690  00003000  2**0
                  CONTENTS, ALLOC, LOAD, DATA
  8 .ret_ram_data 00000000  200f0000  200f0000  00003004  2**0
                  CONTENTS
  9 .bss          00000654  1fff8008  00001698  00003004  2**3
                  ALLOC
 10 .ret_ram_bss  00000000  200f0000  200f0000  00003004  2**0
                  CONTENTS
 11 .heap_stack   00001000  1fff8660  1fff8660  00003008  2**3
                  CONTENTS, READONLY
 12 .ARM.attributes 00000032  00000000  00000000  00004008  2**0
                  CONTENTS, READONLY
 13 .debug_info   0000fdaf  00000000  00000000  0000403a  2**0
                  CONTENTS, READONLY, DEBUGGING, OCTETS
 14 .debug_abbrev 00001311  00000000  00000000  00013de9  2**0
                  CONTENTS, READONLY, DEBUGGING, OCTETS
 15 .debug_aranges 00000380  00000000  00000000  000150fa  2**0
                  CONTENTS, READONLY, DEBUGGING, OCTETS
 16 .debug_rnglists 00000299  00000000  00000000  0001547a  2**0
                  CONTENTS, READONLY, DEBUGGING, OCTETS
 17 .debug_line   00002c24  00000000  00000000  00015713  2**0
                  CONTENTS, READONLY, DEBUGGING, OCTETS
 18 .debug_str    000063da  00000000  00000000  00018337  2**0
                  CONTENTS, READONLY, DEBUGGING, OCTETS
 19 .comment      00000045  00000000  00000000  0001e711  2**0
                  CONTENTS, READONLY
 20 .debug_frame  00000cc4  00000000  00000000  0001e758  2**2
                  CONTENTS, READONLY, DEBUGGING, OCTETS

Disassembly of section .text:

00000420 <ability_robote_init>:
    sys_delay_ms(10);
    CM_GPIO->PORRB = 0x0020u;
    CM_GPIO->PORRA = 0x0010u;
}
void ability_robote_init(void)
{
     420:	b580      	push	{r7, lr}
     422:	af00      	add	r7, sp, #0
    CM_GPIO->PORRA = 0x001Eu; 
     424:	4b08      	ldr	r3, [pc, #32]	@ (448 <ability_robote_init+0x28>)
     426:	221e      	movs	r2, #30
     428:	815a      	strh	r2, [r3, #10]
    sys_delay_ms(10); 
     42a:	200a      	movs	r0, #10
     42c:	f001 f882 	bl	1534 <sys_delay_ms>
    CM_GPIO->POSRA = 0x0014;
     430:	4b05      	ldr	r3, [pc, #20]	@ (448 <ability_robote_init+0x28>)
     432:	2214      	movs	r2, #20
     434:	811a      	strh	r2, [r3, #8]
    sys_delay_ms(10);
     436:	200a      	movs	r0, #10
     438:	f001 f87c 	bl	1534 <sys_delay_ms>
    CM_GPIO->PORRA = 0x001Eu; 
     43c:	4b02      	ldr	r3, [pc, #8]	@ (448 <ability_robote_init+0x28>)
     43e:	221e      	movs	r2, #30
     440:	815a      	strh	r2, [r3, #10]
}
     442:	bf00      	nop
     444:	bd80      	pop	{r7, pc}
     446:	bf00      	nop
     448:	40053800 	.word	0x40053800

0000044c <i2c_slave_init>:
#define IR_HEARTBEAT_TIMEOUT 15000  



void i2c_slave_init(void)
{
     44c:	b580      	push	{r7, lr}
     44e:	af00      	add	r7, sp, #0
    CM_PWC->FCG1 &= ~(1u << 4);
     450:	4b1f      	ldr	r3, [pc, #124]	@ (4d0 <i2c_slave_init+0x84>)
     452:	685b      	ldr	r3, [r3, #4]
     454:	4a1e      	ldr	r2, [pc, #120]	@ (4d0 <i2c_slave_init+0x84>)
     456:	f023 0310 	bic.w	r3, r3, #16
     45a:	6053      	str	r3, [r2, #4]

    bCM_I2C1->CR1_b.PE = 0;
     45c:	4b1d      	ldr	r3, [pc, #116]	@ (4d4 <i2c_slave_init+0x88>)
     45e:	2200      	movs	r2, #0
     460:	601a      	str	r2, [r3, #0]
    bCM_I2C1->CR1_b.SWRST = 1;
     462:	4b1c      	ldr	r3, [pc, #112]	@ (4d4 <i2c_slave_init+0x88>)
     464:	2201      	movs	r2, #1
     466:	63da      	str	r2, [r3, #60]	@ 0x3c
    bCM_I2C1->CR1_b.PE = 1;
     468:	4b1a      	ldr	r3, [pc, #104]	@ (4d4 <i2c_slave_init+0x88>)
     46a:	2201      	movs	r2, #1
     46c:	601a      	str	r2, [r3, #0]

    CM_I2C1->CLR = 0x00F050DFu;
     46e:	4b1a      	ldr	r3, [pc, #104]	@ (4d8 <i2c_slave_init+0x8c>)
     470:	4a1a      	ldr	r2, [pc, #104]	@ (4dc <i2c_slave_init+0x90>)
     472:	621a      	str	r2, [r3, #32]

    CM_I2C1->SLR0 = 0x10A0u;
     474:	4b18      	ldr	r3, [pc, #96]	@ (4d8 <i2c_slave_init+0x8c>)
     476:	f44f 5285 	mov.w	r2, #4256	@ 0x10a0
     47a:	611a      	str	r2, [r3, #16]
    CM_I2C1->SLR1 = 0x00000000u;
     47c:	4b16      	ldr	r3, [pc, #88]	@ (4d8 <i2c_slave_init+0x8c>)
     47e:	2200      	movs	r2, #0
     480:	615a      	str	r2, [r3, #20]
    CM_I2C1->CCR = 0x000E2505u;
     482:	4b15      	ldr	r3, [pc, #84]	@ (4d8 <i2c_slave_init+0x8c>)
     484:	4a16      	ldr	r2, [pc, #88]	@ (4e0 <i2c_slave_init+0x94>)
     486:	62da      	str	r2, [r3, #44]	@ 0x2c
    CM_I2C1->FLTR = 0x00000003u;
     488:	4b13      	ldr	r3, [pc, #76]	@ (4d8 <i2c_slave_init+0x8c>)
     48a:	2203      	movs	r2, #3
     48c:	631a      	str	r2, [r3, #48]	@ 0x30
    bCM_I2C1->CR1_b.ACK = 1;
     48e:	4b11      	ldr	r3, [pc, #68]	@ (4d4 <i2c_slave_init+0x88>)
     490:	2201      	movs	r2, #1
     492:	629a      	str	r2, [r3, #40]	@ 0x28
    bCM_I2C1->CR1_b.SWRST = 0;
     494:	4b0f      	ldr	r3, [pc, #60]	@ (4d4 <i2c_slave_init+0x88>)
     496:	2200      	movs	r2, #0
     498:	63da      	str	r2, [r3, #60]	@ 0x3c
    CM_I2C1->CLR = 0x00F050DFu;
     49a:	4b0f      	ldr	r3, [pc, #60]	@ (4d8 <i2c_slave_init+0x8c>)
     49c:	4a0f      	ldr	r2, [pc, #60]	@ (4dc <i2c_slave_init+0x90>)
     49e:	621a      	str	r2, [r3, #32]
    bCM_I2C1->CR1_b.PE = 1;
     4a0:	4b0c      	ldr	r3, [pc, #48]	@ (4d4 <i2c_slave_init+0x88>)
     4a2:	2201      	movs	r2, #1
     4a4:	601a      	str	r2, [r3, #0]
    
    slave_status = I2C_STATUS_IDLE;
     4a6:	4b0f      	ldr	r3, [pc, #60]	@ (4e4 <i2c_slave_init+0x98>)
     4a8:	2200      	movs	r2, #0
     4aa:	701a      	strb	r2, [r3, #0]
    slave_cmd = 0xFF;
     4ac:	4b0e      	ldr	r3, [pc, #56]	@ (4e8 <i2c_slave_init+0x9c>)
     4ae:	22ff      	movs	r2, #255	@ 0xff
     4b0:	701a      	strb	r2, [r3, #0]
    slave_cmd_ready = 0;
     4b2:	4b0e      	ldr	r3, [pc, #56]	@ (4ec <i2c_slave_init+0xa0>)
     4b4:	2200      	movs	r2, #0
     4b6:	701a      	strb	r2, [r3, #0]
    ir_comm_state = 0;
     4b8:	4b0d      	ldr	r3, [pc, #52]	@ (4f0 <i2c_slave_init+0xa4>)
     4ba:	2200      	movs	r2, #0
     4bc:	701a      	strb	r2, [r3, #0]
    last_ir_heartbeat = sys_get_tick();
     4be:	f001 f861 	bl	1584 <sys_get_tick>
     4c2:	4602      	mov	r2, r0
     4c4:	460b      	mov	r3, r1
     4c6:	490b      	ldr	r1, [pc, #44]	@ (4f4 <i2c_slave_init+0xa8>)
     4c8:	e9c1 2300 	strd	r2, r3, [r1]

}
     4cc:	bf00      	nop
     4ce:	bd80      	pop	{r7, pc}
     4d0:	40048000 	.word	0x40048000
     4d4:	429c0000 	.word	0x429c0000
     4d8:	4004e000 	.word	0x4004e000
     4dc:	00f050df 	.word	0x00f050df
     4e0:	000e2505 	.word	0x000e2505
     4e4:	1fff8008 	.word	0x1fff8008
     4e8:	1fff8000 	.word	0x1fff8000
     4ec:	1fff8009 	.word	0x1fff8009
     4f0:	1fff800a 	.word	0x1fff800a
     4f4:	1fff8010 	.word	0x1fff8010

000004f8 <i2c_check_addr_match>:



static uint8_t i2c_check_addr_match(void)
{
     4f8:	b480      	push	{r7}
     4fa:	af00      	add	r7, sp, #0
    if (CM_I2C1->SR & (1u << 1)) { // SLADDR0F位
     4fc:	4b08      	ldr	r3, [pc, #32]	@ (520 <i2c_check_addr_match+0x28>)
     4fe:	69db      	ldr	r3, [r3, #28]
     500:	f003 0302 	and.w	r3, r3, #2
     504:	2b00      	cmp	r3, #0
     506:	d004      	beq.n	512 <i2c_check_addr_match+0x1a>
        CM_I2C1->CLR = (1u << 1);
     508:	4b05      	ldr	r3, [pc, #20]	@ (520 <i2c_check_addr_match+0x28>)
     50a:	2202      	movs	r2, #2
     50c:	621a      	str	r2, [r3, #32]
        return 1;
     50e:	2301      	movs	r3, #1
     510:	e000      	b.n	514 <i2c_check_addr_match+0x1c>
    }
    return 0;
     512:	2300      	movs	r3, #0
}
     514:	4618      	mov	r0, r3
     516:	46bd      	mov	sp, r7
     518:	f85d 7b04 	ldr.w	r7, [sp], #4
     51c:	4770      	bx	lr
     51e:	bf00      	nop
     520:	4004e000 	.word	0x4004e000

00000524 <i2c_check_stop_cond>:


static uint8_t i2c_check_stop_cond(void)
{
     524:	b480      	push	{r7}
     526:	af00      	add	r7, sp, #0
    if (CM_I2C1->SR & (1u << 4)) { // STOPF位
     528:	4b08      	ldr	r3, [pc, #32]	@ (54c <i2c_check_stop_cond+0x28>)
     52a:	69db      	ldr	r3, [r3, #28]
     52c:	f003 0310 	and.w	r3, r3, #16
     530:	2b00      	cmp	r3, #0
     532:	d004      	beq.n	53e <i2c_check_stop_cond+0x1a>
        CM_I2C1->CLR = (1u << 4);
     534:	4b05      	ldr	r3, [pc, #20]	@ (54c <i2c_check_stop_cond+0x28>)
     536:	2210      	movs	r2, #16
     538:	621a      	str	r2, [r3, #32]
        return 1;
     53a:	2301      	movs	r3, #1
     53c:	e000      	b.n	540 <i2c_check_stop_cond+0x1c>
    }
    return 0;
     53e:	2300      	movs	r3, #0
}
     540:	4618      	mov	r0, r3
     542:	46bd      	mov	sp, r7
     544:	f85d 7b04 	ldr.w	r7, [sp], #4
     548:	4770      	bx	lr
     54a:	bf00      	nop
     54c:	4004e000 	.word	0x4004e000

00000550 <i2c_is_tx_mode>:

static uint8_t i2c_is_tx_mode(void)
{
     550:	b480      	push	{r7}
     552:	af00      	add	r7, sp, #0
    return (CM_I2C1->SR & (1u << 18)) ? 1 : 0; // TRA位
     554:	4b06      	ldr	r3, [pc, #24]	@ (570 <i2c_is_tx_mode+0x20>)
     556:	69db      	ldr	r3, [r3, #28]
     558:	f403 2380 	and.w	r3, r3, #262144	@ 0x40000
     55c:	2b00      	cmp	r3, #0
     55e:	bf14      	ite	ne
     560:	2301      	movne	r3, #1
     562:	2300      	moveq	r3, #0
     564:	b2db      	uxtb	r3, r3
}
     566:	4618      	mov	r0, r3
     568:	46bd      	mov	sp, r7
     56a:	f85d 7b04 	ldr.w	r7, [sp], #4
     56e:	4770      	bx	lr
     570:	4004e000 	.word	0x4004e000

00000574 <i2c_slave_recv_byte>:

static uint8_t i2c_slave_recv_byte(void)
{
     574:	b480      	push	{r7}
     576:	b083      	sub	sp, #12
     578:	af00      	add	r7, sp, #0
    uint32_t timeout = 0x10000u;
     57a:	f44f 3380 	mov.w	r3, #65536	@ 0x10000
     57e:	607b      	str	r3, [r7, #4]
    
    while ((CM_I2C1->SR & (1u << 6)) == 0) { // RFULLF位
     580:	e007      	b.n	592 <i2c_slave_recv_byte+0x1e>
        if (--timeout == 0) {
     582:	687b      	ldr	r3, [r7, #4]
     584:	3b01      	subs	r3, #1
     586:	607b      	str	r3, [r7, #4]
     588:	687b      	ldr	r3, [r7, #4]
     58a:	2b00      	cmp	r3, #0
     58c:	d101      	bne.n	592 <i2c_slave_recv_byte+0x1e>
            return 0xFF;
     58e:	23ff      	movs	r3, #255	@ 0xff
     590:	e009      	b.n	5a6 <i2c_slave_recv_byte+0x32>
    while ((CM_I2C1->SR & (1u << 6)) == 0) { // RFULLF位
     592:	4b08      	ldr	r3, [pc, #32]	@ (5b4 <i2c_slave_recv_byte+0x40>)
     594:	69db      	ldr	r3, [r3, #28]
     596:	f003 0340 	and.w	r3, r3, #64	@ 0x40
     59a:	2b00      	cmp	r3, #0
     59c:	d0f1      	beq.n	582 <i2c_slave_recv_byte+0xe>
        }
    }
    
    return CM_I2C1->DRR;
     59e:	4b05      	ldr	r3, [pc, #20]	@ (5b4 <i2c_slave_recv_byte+0x40>)
     5a0:	f893 3028 	ldrb.w	r3, [r3, #40]	@ 0x28
     5a4:	b2db      	uxtb	r3, r3
}
     5a6:	4618      	mov	r0, r3
     5a8:	370c      	adds	r7, #12
     5aa:	46bd      	mov	sp, r7
     5ac:	f85d 7b04 	ldr.w	r7, [sp], #4
     5b0:	4770      	bx	lr
     5b2:	bf00      	nop
     5b4:	4004e000 	.word	0x4004e000

000005b8 <i2c_slave_send_byte>:

static void i2c_slave_send_byte(uint8_t data)
{
     5b8:	b480      	push	{r7}
     5ba:	b085      	sub	sp, #20
     5bc:	af00      	add	r7, sp, #0
     5be:	4603      	mov	r3, r0
     5c0:	71fb      	strb	r3, [r7, #7]
    uint32_t timeout = 0x10000u;
     5c2:	f44f 3380 	mov.w	r3, #65536	@ 0x10000
     5c6:	60fb      	str	r3, [r7, #12]
    
    CM_I2C1->DTR = data;
     5c8:	4a0f      	ldr	r2, [pc, #60]	@ (608 <i2c_slave_send_byte+0x50>)
     5ca:	79fb      	ldrb	r3, [r7, #7]
     5cc:	f882 3024 	strb.w	r3, [r2, #36]	@ 0x24
    
    while ((CM_I2C1->SR & (1u << 3)) == 0) { // TENDF位
     5d0:	e005      	b.n	5de <i2c_slave_send_byte+0x26>
        if (--timeout == 0) {
     5d2:	68fb      	ldr	r3, [r7, #12]
     5d4:	3b01      	subs	r3, #1
     5d6:	60fb      	str	r3, [r7, #12]
     5d8:	68fb      	ldr	r3, [r7, #12]
     5da:	2b00      	cmp	r3, #0
     5dc:	d006      	beq.n	5ec <i2c_slave_send_byte+0x34>
    while ((CM_I2C1->SR & (1u << 3)) == 0) { // TENDF位
     5de:	4b0a      	ldr	r3, [pc, #40]	@ (608 <i2c_slave_send_byte+0x50>)
     5e0:	69db      	ldr	r3, [r3, #28]
     5e2:	f003 0308 	and.w	r3, r3, #8
     5e6:	2b00      	cmp	r3, #0
     5e8:	d0f3      	beq.n	5d2 <i2c_slave_send_byte+0x1a>
     5ea:	e000      	b.n	5ee <i2c_slave_send_byte+0x36>
            break;
     5ec:	bf00      	nop
        }
    }
    
    CM_I2C1->CLR = (1u << 3);
     5ee:	4b06      	ldr	r3, [pc, #24]	@ (608 <i2c_slave_send_byte+0x50>)
     5f0:	2208      	movs	r2, #8
     5f2:	621a      	str	r2, [r3, #32]
    (void)CM_I2C1->DRR; 
     5f4:	4b04      	ldr	r3, [pc, #16]	@ (608 <i2c_slave_send_byte+0x50>)
     5f6:	f893 3028 	ldrb.w	r3, [r3, #40]	@ 0x28
}
     5fa:	bf00      	nop
     5fc:	3714      	adds	r7, #20
     5fe:	46bd      	mov	sp, r7
     600:	f85d 7b04 	ldr.w	r7, [sp], #4
     604:	4770      	bx	lr
     606:	bf00      	nop
     608:	4004e000 	.word	0x4004e000

0000060c <i2c_slave_poll>:

static volatile uint8_t status_changed = 0;

void i2c_slave_poll(void)
{
     60c:	b580      	push	{r7, lr}
     60e:	b082      	sub	sp, #8
     610:	af00      	add	r7, sp, #0
    // 检查地址匹配
     if (CM_I2C1->SR & (1u << 0)) { 
     612:	4b3f      	ldr	r3, [pc, #252]	@ (710 <i2c_slave_poll+0x104>)
     614:	69db      	ldr	r3, [r3, #28]
     616:	f003 0301 	and.w	r3, r3, #1
     61a:	2b00      	cmp	r3, #0
     61c:	d002      	beq.n	624 <i2c_slave_poll+0x18>
        CM_I2C1->CLR = (1u << 0);  
     61e:	4b3c      	ldr	r3, [pc, #240]	@ (710 <i2c_slave_poll+0x104>)
     620:	2201      	movs	r2, #1
     622:	621a      	str	r2, [r3, #32]
        
    }

     if (CM_I2C1->SR & (1u << 12)) {
     624:	4b3a      	ldr	r3, [pc, #232]	@ (710 <i2c_slave_poll+0x104>)
     626:	69db      	ldr	r3, [r3, #28]
     628:	f403 5380 	and.w	r3, r3, #4096	@ 0x1000
     62c:	2b00      	cmp	r3, #0
     62e:	d003      	beq.n	638 <i2c_slave_poll+0x2c>
        CM_I2C1->CLR = (1u << 12);
     630:	4b37      	ldr	r3, [pc, #220]	@ (710 <i2c_slave_poll+0x104>)
     632:	f44f 5280 	mov.w	r2, #4096	@ 0x1000
     636:	621a      	str	r2, [r3, #32]
    }


    if (i2c_check_addr_match()) {
     638:	f7ff ff5e 	bl	4f8 <i2c_check_addr_match>
     63c:	4603      	mov	r3, r0
     63e:	2b00      	cmp	r3, #0
     640:	d018      	beq.n	674 <i2c_slave_poll+0x68>
        // 判断主机是读还是写
        if (i2c_is_tx_mode()) {
     642:	f7ff ff85 	bl	550 <i2c_is_tx_mode>
     646:	4603      	mov	r3, r0
     648:	2b00      	cmp	r3, #0
     64a:	d006      	beq.n	65a <i2c_slave_poll+0x4e>
            // 主机读：发送当前状态
            i2c_slave_send_byte(slave_status);
     64c:	4b31      	ldr	r3, [pc, #196]	@ (714 <i2c_slave_poll+0x108>)
     64e:	781b      	ldrb	r3, [r3, #0]
     650:	b2db      	uxtb	r3, r3
     652:	4618      	mov	r0, r3
     654:	f7ff ffb0 	bl	5b8 <i2c_slave_send_byte>
     658:	e00c      	b.n	674 <i2c_slave_poll+0x68>
        } else {
            // 主机写：接收命令
            uint8_t cmd = i2c_slave_recv_byte();
     65a:	f7ff ff8b 	bl	574 <i2c_slave_recv_byte>
     65e:	4603      	mov	r3, r0
     660:	71fb      	strb	r3, [r7, #7]
            if (cmd != 0xFF) {
     662:	79fb      	ldrb	r3, [r7, #7]
     664:	2bff      	cmp	r3, #255	@ 0xff
     666:	d005      	beq.n	674 <i2c_slave_poll+0x68>
                slave_cmd = cmd;
     668:	4a2b      	ldr	r2, [pc, #172]	@ (718 <i2c_slave_poll+0x10c>)
     66a:	79fb      	ldrb	r3, [r7, #7]
     66c:	7013      	strb	r3, [r2, #0]
                slave_cmd_ready = 1;
     66e:	4b2b      	ldr	r3, [pc, #172]	@ (71c <i2c_slave_poll+0x110>)
     670:	2201      	movs	r2, #1
     672:	701a      	strb	r2, [r3, #0]
            }
        }
    }
    
    // 检查停止条件
    if (i2c_check_stop_cond()) {
     674:	f7ff ff56 	bl	524 <i2c_check_stop_cond>
     678:	4603      	mov	r3, r0
     67a:	2b00      	cmp	r3, #0
     67c:	d043      	beq.n	706 <i2c_slave_poll+0xfa>
        //I2C通讯结束，命令已接收
        if (slave_cmd_ready) {
     67e:	4b27      	ldr	r3, [pc, #156]	@ (71c <i2c_slave_poll+0x110>)
     680:	781b      	ldrb	r3, [r3, #0]
     682:	b2db      	uxtb	r3, r3
     684:	2b00      	cmp	r3, #0
     686:	d03e      	beq.n	706 <i2c_slave_poll+0xfa>
            if (slave_cmd == I2C_CMD_TEST) {            
     688:	4b23      	ldr	r3, [pc, #140]	@ (718 <i2c_slave_poll+0x10c>)
     68a:	781b      	ldrb	r3, [r3, #0]
     68c:	b2db      	uxtb	r3, r3
     68e:	2b03      	cmp	r3, #3
     690:	d118      	bne.n	6c4 <i2c_slave_poll+0xb8>
                CM_GPIO->PORRA = 0x001Eu; 
     692:	4b23      	ldr	r3, [pc, #140]	@ (720 <i2c_slave_poll+0x114>)
     694:	221e      	movs	r2, #30
     696:	815a      	strh	r2, [r3, #10]
                CM_GPIO->POSRA = 0x0002;
     698:	4b21      	ldr	r3, [pc, #132]	@ (720 <i2c_slave_poll+0x114>)
     69a:	2202      	movs	r2, #2
     69c:	811a      	strh	r2, [r3, #8]
                sys_delay_ms(10); 
     69e:	200a      	movs	r0, #10
     6a0:	f000 ff48 	bl	1534 <sys_delay_ms>
                CM_GPIO->PORRA = 0x001Eu;
     6a4:	4b1e      	ldr	r3, [pc, #120]	@ (720 <i2c_slave_poll+0x114>)
     6a6:	221e      	movs	r2, #30
     6a8:	815a      	strh	r2, [r3, #10]
                sys_delay_ms(1000); 
     6aa:	f44f 707a 	mov.w	r0, #1000	@ 0x3e8
     6ae:	f000 ff41 	bl	1534 <sys_delay_ms>
                CM_GPIO->POSRA = 0x0004;
     6b2:	4b1b      	ldr	r3, [pc, #108]	@ (720 <i2c_slave_poll+0x114>)
     6b4:	2204      	movs	r2, #4
     6b6:	811a      	strh	r2, [r3, #8]
                sys_delay_ms(10);
     6b8:	200a      	movs	r0, #10
     6ba:	f000 ff3b 	bl	1534 <sys_delay_ms>
                CM_GPIO->PORRA = 0x001Eu; 
     6be:	4b18      	ldr	r3, [pc, #96]	@ (720 <i2c_slave_poll+0x114>)
     6c0:	221e      	movs	r2, #30
     6c2:	815a      	strh	r2, [r3, #10]
               
            }
            if(slave_cmd == I2C_CMD_RESET ){
     6c4:	4b14      	ldr	r3, [pc, #80]	@ (718 <i2c_slave_poll+0x10c>)
     6c6:	781b      	ldrb	r3, [r3, #0]
     6c8:	b2db      	uxtb	r3, r3
     6ca:	2b04      	cmp	r3, #4
     6cc:	d118      	bne.n	700 <i2c_slave_poll+0xf4>
                CM_GPIO->PORRA = 0x001Eu; 
     6ce:	4b14      	ldr	r3, [pc, #80]	@ (720 <i2c_slave_poll+0x114>)
     6d0:	221e      	movs	r2, #30
     6d2:	815a      	strh	r2, [r3, #10]
                CM_GPIO->POSRA = 0x0008;
     6d4:	4b12      	ldr	r3, [pc, #72]	@ (720 <i2c_slave_poll+0x114>)
     6d6:	2208      	movs	r2, #8
     6d8:	811a      	strh	r2, [r3, #8]
                sys_delay_ms(10); 
     6da:	200a      	movs	r0, #10
     6dc:	f000 ff2a 	bl	1534 <sys_delay_ms>
                CM_GPIO->PORRA = 0x001Eu;
     6e0:	4b0f      	ldr	r3, [pc, #60]	@ (720 <i2c_slave_poll+0x114>)
     6e2:	221e      	movs	r2, #30
     6e4:	815a      	strh	r2, [r3, #10]
                sys_delay_ms(1000); 
     6e6:	f44f 707a 	mov.w	r0, #1000	@ 0x3e8
     6ea:	f000 ff23 	bl	1534 <sys_delay_ms>
                CM_GPIO->POSRA = 0x0010;
     6ee:	4b0c      	ldr	r3, [pc, #48]	@ (720 <i2c_slave_poll+0x114>)
     6f0:	2210      	movs	r2, #16
     6f2:	811a      	strh	r2, [r3, #8]
                sys_delay_ms(10);
     6f4:	200a      	movs	r0, #10
     6f6:	f000 ff1d 	bl	1534 <sys_delay_ms>
                CM_GPIO->PORRA = 0x001Eu;
     6fa:	4b09      	ldr	r3, [pc, #36]	@ (720 <i2c_slave_poll+0x114>)
     6fc:	221e      	movs	r2, #30
     6fe:	815a      	strh	r2, [r3, #10]

            }
            slave_cmd_ready = 0;
     700:	4b06      	ldr	r3, [pc, #24]	@ (71c <i2c_slave_poll+0x110>)
     702:	2200      	movs	r2, #0
     704:	701a      	strb	r2, [r3, #0]
        }

    }
}
     706:	bf00      	nop
     708:	3708      	adds	r7, #8
     70a:	46bd      	mov	sp, r7
     70c:	bd80      	pop	{r7, pc}
     70e:	bf00      	nop
     710:	4004e000 	.word	0x4004e000
     714:	1fff8008 	.word	0x1fff8008
     718:	1fff8000 	.word	0x1fff8000
     71c:	1fff8009 	.word	0x1fff8009
     720:	40053800 	.word	0x40053800

00000724 <io_init>:
#include "io.h"

void io_init(void)
{
     724:	b480      	push	{r7}
     726:	af00      	add	r7, sp, #0
	CM_GPIO->PWPR = 0xa501u;
     728:	4b3f      	ldr	r3, [pc, #252]	@ (828 <io_init+0x104>)
     72a:	f24a 5201 	movw	r2, #42241	@ 0xa501
     72e:	f8a3 23fc 	strh.w	r2, [r3, #1020]	@ 0x3fc
	//global config
	CM_GPIO->PCCR &= 0x8fffu;
     732:	4b3d      	ldr	r3, [pc, #244]	@ (828 <io_init+0x104>)
     734:	f8b3 33f8 	ldrh.w	r3, [r3, #1016]	@ 0x3f8
     738:	b29b      	uxth	r3, r3
     73a:	4a3b      	ldr	r2, [pc, #236]	@ (828 <io_init+0x104>)
     73c:	f423 43e0 	bic.w	r3, r3, #28672	@ 0x7000
     740:	b29b      	uxth	r3, r3
     742:	f8a2 33f8 	strh.w	r3, [r2, #1016]	@ 0x3f8
	CM_GPIO->PCCR |= 0xc000u;//b14~b12: RDWT set io read wait period
     746:	4b38      	ldr	r3, [pc, #224]	@ (828 <io_init+0x104>)
     748:	f8b3 33f8 	ldrh.w	r3, [r3, #1016]	@ 0x3f8
     74c:	b29b      	uxth	r3, r3
     74e:	4a36      	ldr	r2, [pc, #216]	@ (828 <io_init+0x104>)
     750:	ea6f 4383 	mvn.w	r3, r3, lsl #18
     754:	ea6f 4393 	mvn.w	r3, r3, lsr #18
     758:	b29b      	uxth	r3, r3
     75a:	f8a2 33f8 	strh.w	r3, [r2, #1016]	@ 0x3f8
				//0:0MHz~50MHz 1:50MHz~100 2:100MHz~150MHz 
				//3:150MHz~200MHz 4:200MHz~250MHz
				//5,6,7:more than 250;
	CM_GPIO->PSPCR = 0x0003u;//b4: 0:NJTRST disable, 1:NJTRST enable;
     75e:	4b32      	ldr	r3, [pc, #200]	@ (828 <io_init+0x104>)
     760:	2203      	movs	r2, #3
     762:	f8a3 23f4 	strh.w	r2, [r3, #1012]	@ 0x3f4




	//红外发射
	CM_GPIO->PFSRB9 = 4u; //TIMA_4_PWM4
     766:	4b30      	ldr	r3, [pc, #192]	@ (828 <io_init+0x104>)
     768:	2204      	movs	r2, #4
     76a:	f8a3 2466 	strh.w	r2, [r3, #1126]	@ 0x466
	CM_GPIO->PCRB9 = 0x0050u;
     76e:	4b2e      	ldr	r3, [pc, #184]	@ (828 <io_init+0x104>)
     770:	2250      	movs	r2, #80	@ 0x50
     772:	f8a3 2464 	strh.w	r2, [r3, #1124]	@ 0x464
	//红外接收
	CM_GPIO->PFSRB8 = 4u; //TIMA_4_PWM3
     776:	4b2c      	ldr	r3, [pc, #176]	@ (828 <io_init+0x104>)
     778:	2204      	movs	r2, #4
     77a:	f8a3 2462 	strh.w	r2, [r3, #1122]	@ 0x462
	CM_GPIO->PCRB8 = 0x0040u;
     77e:	4b2a      	ldr	r3, [pc, #168]	@ (828 <io_init+0x104>)
     780:	2240      	movs	r2, #64	@ 0x40
     782:	f8a3 2460 	strh.w	r2, [r3, #1120]	@ 0x460
	//继电器
	CM_GPIO->PCRA1 = 0x0052u;//继电器1open机器人+
     786:	4b28      	ldr	r3, [pc, #160]	@ (828 <io_init+0x104>)
     788:	2252      	movs	r2, #82	@ 0x52
     78a:	f8a3 2404 	strh.w	r2, [r3, #1028]	@ 0x404
	CM_GPIO->PCRA2 = 0x0052u;//继电器1close机器人+
     78e:	4b26      	ldr	r3, [pc, #152]	@ (828 <io_init+0x104>)
     790:	2252      	movs	r2, #82	@ 0x52
     792:	f8a3 2408 	strh.w	r2, [r3, #1032]	@ 0x408

	CM_GPIO->PCRA3 = 0x0052u;//继电器2open机器人-充电站+
     796:	4b24      	ldr	r3, [pc, #144]	@ (828 <io_init+0x104>)
     798:	2252      	movs	r2, #82	@ 0x52
     79a:	f8a3 240c 	strh.w	r2, [r3, #1036]	@ 0x40c
	CM_GPIO->PCRA4 = 0x0052u;//继电器2close机器人-充电站+
     79e:	4b22      	ldr	r3, [pc, #136]	@ (828 <io_init+0x104>)
     7a0:	2252      	movs	r2, #82	@ 0x52
     7a2:	f8a3 2410 	strh.w	r2, [r3, #1040]	@ 0x410

	CM_GPIO->PCRB6 = 0x0052u;//继电器open充电站-
     7a6:	4b20      	ldr	r3, [pc, #128]	@ (828 <io_init+0x104>)
     7a8:	2252      	movs	r2, #82	@ 0x52
     7aa:	f8a3 2458 	strh.w	r2, [r3, #1112]	@ 0x458
	CM_GPIO->PCRB5 = 0x0052u;//继电器close充电站-
     7ae:	4b1e      	ldr	r3, [pc, #120]	@ (828 <io_init+0x104>)
     7b0:	2252      	movs	r2, #82	@ 0x52
     7b2:	f8a3 2454 	strh.w	r2, [r3, #1108]	@ 0x454
	//散热风扇
	CM_GPIO->PCRC13 = 0x0050u;
     7b6:	4b1c      	ldr	r3, [pc, #112]	@ (828 <io_init+0x104>)
     7b8:	2250      	movs	r2, #80	@ 0x50
     7ba:	f8a3 24b4 	strh.w	r2, [r3, #1204]	@ 0x4b4
	CM_GPIO->PFSRC13 = 4u; //TIMA_4_PWM8
     7be:	4b1a      	ldr	r3, [pc, #104]	@ (828 <io_init+0x104>)
     7c0:	2204      	movs	r2, #4
     7c2:	f8a3 24b6 	strh.w	r2, [r3, #1206]	@ 0x4b6
	//蜂鸣器
	CM_GPIO->PCRA6 = 0x0052u;
     7c6:	4b18      	ldr	r3, [pc, #96]	@ (828 <io_init+0x104>)
     7c8:	2252      	movs	r2, #82	@ 0x52
     7ca:	f8a3 2418 	strh.w	r2, [r3, #1048]	@ 0x418
	//温度采集
	CM_GPIO->PCRA5 = 0x0040u;//ADC12_IN5
     7ce:	4b16      	ldr	r3, [pc, #88]	@ (828 <io_init+0x104>)
     7d0:	2240      	movs	r2, #64	@ 0x40
     7d2:	f8a3 2414 	strh.w	r2, [r3, #1044]	@ 0x414
	CM_GPIO->PFSRA5 = 0x00u;
     7d6:	4b14      	ldr	r3, [pc, #80]	@ (828 <io_init+0x104>)
     7d8:	2200      	movs	r2, #0
     7da:	f8a3 2416 	strh.w	r2, [r3, #1046]	@ 0x416
	//CM_GPIO->PFSRB6 = 0x0040u; 

	//电压采样
	CM_GPIO->PCRB0 = 0x0040u;//ADC12_IN8
     7de:	4b12      	ldr	r3, [pc, #72]	@ (828 <io_init+0x104>)
     7e0:	2240      	movs	r2, #64	@ 0x40
     7e2:	f8a3 2440 	strh.w	r2, [r3, #1088]	@ 0x440
	CM_GPIO->PFSRB0 = 0X00u;
     7e6:	4b10      	ldr	r3, [pc, #64]	@ (828 <io_init+0x104>)
     7e8:	2200      	movs	r2, #0
     7ea:	f8a3 2442 	strh.w	r2, [r3, #1090]	@ 0x442

	CM_GPIO -> PCRA8 = 0x0156u;
     7ee:	4b0e      	ldr	r3, [pc, #56]	@ (828 <io_init+0x104>)
     7f0:	f44f 72ab 	mov.w	r2, #342	@ 0x156
     7f4:	f8a3 2420 	strh.w	r2, [r3, #1056]	@ 0x420
	CM_GPIO -> PCRA9 = 0x0156u;
     7f8:	4b0b      	ldr	r3, [pc, #44]	@ (828 <io_init+0x104>)
     7fa:	f44f 72ab 	mov.w	r2, #342	@ 0x156
     7fe:	f8a3 2424 	strh.w	r2, [r3, #1060]	@ 0x424

	//I2C1_SDA
	CM_GPIO -> PFSRA9 = 48u; //I2C1_SDA
     802:	4b09      	ldr	r3, [pc, #36]	@ (828 <io_init+0x104>)
     804:	2230      	movs	r2, #48	@ 0x30
     806:	f8a3 2426 	strh.w	r2, [r3, #1062]	@ 0x426
	//I2C1_SCL
	CM_GPIO -> PFSRA8 = 49u; //I2C1_SCL
     80a:	4b07      	ldr	r3, [pc, #28]	@ (828 <io_init+0x104>)
     80c:	2231      	movs	r2, #49	@ 0x31
     80e:	f8a3 2422 	strh.w	r2, [r3, #1058]	@ 0x422





	CM_GPIO->PWPR = 0xa500u;
     812:	4b05      	ldr	r3, [pc, #20]	@ (828 <io_init+0x104>)
     814:	f44f 4225 	mov.w	r2, #42240	@ 0xa500
     818:	f8a3 23fc 	strh.w	r2, [r3, #1020]	@ 0x3fc
}
     81c:	bf00      	nop
     81e:	46bd      	mov	sp, r7
     820:	f85d 7b04 	ldr.w	r7, [sp], #4
     824:	4770      	bx	lr
     826:	bf00      	nop
     828:	40053800 	.word	0x40053800

0000082c <__NVIC_EnableIRQ>:
  \details Enables a device specific interrupt in the NVIC interrupt controller.
  \param [in]      IRQn  Device specific interrupt number.
  \note    IRQn must not be negative.
 */
__STATIC_INLINE void __NVIC_EnableIRQ(IRQn_Type IRQn)
{
     82c:	b480      	push	{r7}
     82e:	b083      	sub	sp, #12
     830:	af00      	add	r7, sp, #0
     832:	4603      	mov	r3, r0
     834:	80fb      	strh	r3, [r7, #6]
  if ((int32_t)(IRQn) >= 0)
     836:	f9b7 3006 	ldrsh.w	r3, [r7, #6]
     83a:	2b00      	cmp	r3, #0
     83c:	db0b      	blt.n	856 <__NVIC_EnableIRQ+0x2a>
  {
    NVIC->ISER[(((uint32_t)IRQn) >> 5UL)] = (uint32_t)(1UL << (((uint32_t)IRQn) & 0x1FUL));
     83e:	88fb      	ldrh	r3, [r7, #6]
     840:	f003 021f 	and.w	r2, r3, #31
     844:	4907      	ldr	r1, [pc, #28]	@ (864 <__NVIC_EnableIRQ+0x38>)
     846:	f9b7 3006 	ldrsh.w	r3, [r7, #6]
     84a:	095b      	lsrs	r3, r3, #5
     84c:	2001      	movs	r0, #1
     84e:	fa00 f202 	lsl.w	r2, r0, r2
     852:	f841 2023 	str.w	r2, [r1, r3, lsl #2]
  }
}
     856:	bf00      	nop
     858:	370c      	adds	r7, #12
     85a:	46bd      	mov	sp, r7
     85c:	f85d 7b04 	ldr.w	r7, [sp], #4
     860:	4770      	bx	lr
     862:	bf00      	nop
     864:	e000e100 	.word	0xe000e100

00000868 <__NVIC_SetPriority>:
  \param [in]      IRQn  Interrupt number.
  \param [in]  priority  Priority to set.
  \note    The priority cannot be set for every processor exception.
 */
__STATIC_INLINE void __NVIC_SetPriority(IRQn_Type IRQn, uint32_t priority)
{
     868:	b480      	push	{r7}
     86a:	b083      	sub	sp, #12
     86c:	af00      	add	r7, sp, #0
     86e:	4603      	mov	r3, r0
     870:	6039      	str	r1, [r7, #0]
     872:	80fb      	strh	r3, [r7, #6]
  if ((int32_t)(IRQn) >= 0)
     874:	f9b7 3006 	ldrsh.w	r3, [r7, #6]
     878:	2b00      	cmp	r3, #0
     87a:	db0a      	blt.n	892 <__NVIC_SetPriority+0x2a>
  {
    NVIC->IP[((uint32_t)IRQn)]               = (uint8_t)((priority << (8U - __NVIC_PRIO_BITS)) & (uint32_t)0xFFUL);
     87c:	683b      	ldr	r3, [r7, #0]
     87e:	b2da      	uxtb	r2, r3
     880:	490c      	ldr	r1, [pc, #48]	@ (8b4 <__NVIC_SetPriority+0x4c>)
     882:	f9b7 3006 	ldrsh.w	r3, [r7, #6]
     886:	0112      	lsls	r2, r2, #4
     888:	b2d2      	uxtb	r2, r2
     88a:	440b      	add	r3, r1
     88c:	f883 2300 	strb.w	r2, [r3, #768]	@ 0x300
  }
  else
  {
    SCB->SHP[(((uint32_t)IRQn) & 0xFUL)-4UL] = (uint8_t)((priority << (8U - __NVIC_PRIO_BITS)) & (uint32_t)0xFFUL);
  }
}
     890:	e00a      	b.n	8a8 <__NVIC_SetPriority+0x40>
    SCB->SHP[(((uint32_t)IRQn) & 0xFUL)-4UL] = (uint8_t)((priority << (8U - __NVIC_PRIO_BITS)) & (uint32_t)0xFFUL);
     892:	683b      	ldr	r3, [r7, #0]
     894:	b2da      	uxtb	r2, r3
     896:	4908      	ldr	r1, [pc, #32]	@ (8b8 <__NVIC_SetPriority+0x50>)
     898:	88fb      	ldrh	r3, [r7, #6]
     89a:	f003 030f 	and.w	r3, r3, #15
     89e:	3b04      	subs	r3, #4
     8a0:	0112      	lsls	r2, r2, #4
     8a2:	b2d2      	uxtb	r2, r2
     8a4:	440b      	add	r3, r1
     8a6:	761a      	strb	r2, [r3, #24]
}
     8a8:	bf00      	nop
     8aa:	370c      	adds	r7, #12
     8ac:	46bd      	mov	sp, r7
     8ae:	f85d 7b04 	ldr.w	r7, [sp], #4
     8b2:	4770      	bx	lr
     8b4:	e000e100 	.word	0xe000e100
     8b8:	e000ed00 	.word	0xe000ed00

000008bc <lr_init>:
		}
}
}

void lr_init(void)//红外发射初始化
{
     8bc:	b480      	push	{r7}
     8be:	af00      	add	r7, sp, #0
    CM_PWC->FCG2 &= ~(1 << 5); 
     8c0:	4b18      	ldr	r3, [pc, #96]	@ (924 <lr_init+0x68>)
     8c2:	689b      	ldr	r3, [r3, #8]
     8c4:	4a17      	ldr	r2, [pc, #92]	@ (924 <lr_init+0x68>)
     8c6:	f023 0320 	bic.w	r3, r3, #32
     8ca:	6093      	str	r3, [r2, #8]
    CM_TMRA_4->BCSTRL = 0x42u;
     8cc:	4b16      	ldr	r3, [pc, #88]	@ (928 <lr_init+0x6c>)
     8ce:	2242      	movs	r2, #66	@ 0x42
     8d0:	f883 2080 	strb.w	r2, [r3, #128]	@ 0x80
    CM_TMRA_4->BCSTRH = 0x00u;
     8d4:	4b14      	ldr	r3, [pc, #80]	@ (928 <lr_init+0x6c>)
     8d6:	2200      	movs	r2, #0
     8d8:	f883 2081 	strb.w	r2, [r3, #129]	@ 0x81
    CM_TMRA_4->CNTER = 0u;
     8dc:	4b12      	ldr	r3, [pc, #72]	@ (928 <lr_init+0x6c>)
     8de:	2200      	movs	r2, #0
     8e0:	801a      	strh	r2, [r3, #0]
    CM_TMRA_4->PERAR = 164u;
     8e2:	4b11      	ldr	r3, [pc, #68]	@ (928 <lr_init+0x6c>)
     8e4:	22a4      	movs	r2, #164	@ 0xa4
     8e6:	809a      	strh	r2, [r3, #4]

    CM_TMRA_4->CMPAR4 = 0u;
     8e8:	4b0f      	ldr	r3, [pc, #60]	@ (928 <lr_init+0x6c>)
     8ea:	2200      	movs	r2, #0
     8ec:	f8a3 204c 	strh.w	r2, [r3, #76]	@ 0x4c
    CM_TMRA_4->PCONR4 = 0x1343u;
     8f0:	4b0d      	ldr	r3, [pc, #52]	@ (928 <lr_init+0x6c>)
     8f2:	f241 3243 	movw	r2, #4931	@ 0x1343
     8f6:	f8a3 214c 	strh.w	r2, [r3, #332]	@ 0x14c
	CM_TMRA_4->CMPAR8 = 0u;
     8fa:	4b0b      	ldr	r3, [pc, #44]	@ (928 <lr_init+0x6c>)
     8fc:	2200      	movs	r2, #0
     8fe:	f8a3 205c 	strh.w	r2, [r3, #92]	@ 0x5c
    CM_TMRA_4->PCONR8 = 0x1043u;
     902:	4b09      	ldr	r3, [pc, #36]	@ (928 <lr_init+0x6c>)
     904:	f241 0243 	movw	r2, #4163	@ 0x1043
     908:	f8a3 215c 	strh.w	r2, [r3, #348]	@ 0x15c
    bCM_TMRA_4->BCSTRL_b.START = 1u;    
     90c:	4b07      	ldr	r3, [pc, #28]	@ (92c <lr_init+0x70>)
     90e:	f503 5380 	add.w	r3, r3, #4096	@ 0x1000
     912:	461a      	mov	r2, r3
     914:	2301      	movs	r3, #1
     916:	6013      	str	r3, [r2, #0]
}
     918:	bf00      	nop
     91a:	46bd      	mov	sp, r7
     91c:	f85d 7b04 	ldr.w	r7, [sp], #4
     920:	4770      	bx	lr
     922:	bf00      	nop
     924:	40048000 	.word	0x40048000
     928:	40015c00 	.word	0x40015c00
     92c:	422b8000 	.word	0x422b8000

00000930 <lr_receive_init>:

void lr_receive_init(void)//红外接收初始化
{
     930:	b580      	push	{r7, lr}
     932:	af00      	add	r7, sp, #0
    CM_PWC->FCG2 &= ~(1 << 5);
     934:	4b2d      	ldr	r3, [pc, #180]	@ (9ec <lr_receive_init+0xbc>)
     936:	689b      	ldr	r3, [r3, #8]
     938:	4a2c      	ldr	r2, [pc, #176]	@ (9ec <lr_receive_init+0xbc>)
     93a:	f023 0320 	bic.w	r3, r3, #32
     93e:	6093      	str	r3, [r2, #8]
	
	CM_TMRA_4->BCSTRL = 0x42u;  
     940:	4b2b      	ldr	r3, [pc, #172]	@ (9f0 <lr_receive_init+0xc0>)
     942:	2242      	movs	r2, #66	@ 0x42
     944:	f883 2080 	strb.w	r2, [r3, #128]	@ 0x80
	CM_TMRA_4->BCSTRH = 0x00u;
     948:	4b29      	ldr	r3, [pc, #164]	@ (9f0 <lr_receive_init+0xc0>)
     94a:	2200      	movs	r2, #0
     94c:	f883 2081 	strb.w	r2, [r3, #129]	@ 0x81
	CM_TMRA_4->CNTER = 0u;
     950:	4b27      	ldr	r3, [pc, #156]	@ (9f0 <lr_receive_init+0xc0>)
     952:	2200      	movs	r2, #0
     954:	801a      	strh	r2, [r3, #0]
	CM_TMRA_4->PERAR = 0xffffu;  
     956:	4b26      	ldr	r3, [pc, #152]	@ (9f0 <lr_receive_init+0xc0>)
     958:	f64f 72ff 	movw	r2, #65535	@ 0xffff
     95c:	809a      	strh	r2, [r3, #4]

	CM_TMRA_4->CCONR3 = 0x4031u;  
     95e:	4b24      	ldr	r3, [pc, #144]	@ (9f0 <lr_receive_init+0xc0>)
     960:	f244 0231 	movw	r2, #16433	@ 0x4031
     964:	f8a3 2108 	strh.w	r2, [r3, #264]	@ 0x108
	CM_TMRA_4->CMPAR3 = 0u;
     968:	4b21      	ldr	r3, [pc, #132]	@ (9f0 <lr_receive_init+0xc0>)
     96a:	2200      	movs	r2, #0
     96c:	f8a3 2048 	strh.w	r2, [r3, #72]	@ 0x48
	
	CM_TMRA_4->ICONR |= (1 << 2); 
     970:	4b1f      	ldr	r3, [pc, #124]	@ (9f0 <lr_receive_init+0xc0>)
     972:	f8b3 3090 	ldrh.w	r3, [r3, #144]	@ 0x90
     976:	b29b      	uxth	r3, r3
     978:	4a1d      	ldr	r2, [pc, #116]	@ (9f0 <lr_receive_init+0xc0>)
     97a:	f043 0304 	orr.w	r3, r3, #4
     97e:	b29b      	uxth	r3, r3
     980:	f8a2 3090 	strh.w	r3, [r2, #144]	@ 0x90
	
	CM_INTC->SEL84 = INT_SRC_TMRA_4_CMP; 
     984:	4b1b      	ldr	r3, [pc, #108]	@ (9f4 <lr_receive_init+0xc4>)
     986:	f240 120b 	movw	r2, #267	@ 0x10b
     98a:	f8c3 21ac 	str.w	r2, [r3, #428]	@ 0x1ac
	NVIC_SetPriority(INT084_IRQn, 1);
     98e:	2101      	movs	r1, #1
     990:	2054      	movs	r0, #84	@ 0x54
     992:	f7ff ff69 	bl	868 <__NVIC_SetPriority>
	NVIC_EnableIRQ(INT084_IRQn);
     996:	2054      	movs	r0, #84	@ 0x54
     998:	f7ff ff48 	bl	82c <__NVIC_EnableIRQ>
	
	bCM_TMRA_4->BCSTRL_b.START = 1u;
     99c:	4b16      	ldr	r3, [pc, #88]	@ (9f8 <lr_receive_init+0xc8>)
     99e:	f503 5380 	add.w	r3, r3, #4096	@ 0x1000
     9a2:	461a      	mov	r2, r3
     9a4:	2301      	movs	r3, #1
     9a6:	6013      	str	r3, [r2, #0]
	
	lr_rx_state = 0;
     9a8:	4b14      	ldr	r3, [pc, #80]	@ (9fc <lr_receive_init+0xcc>)
     9aa:	2200      	movs	r2, #0
     9ac:	701a      	strb	r2, [r3, #0]
	lr_rx_code = 0;
     9ae:	4b14      	ldr	r3, [pc, #80]	@ (a00 <lr_receive_init+0xd0>)
     9b0:	2200      	movs	r2, #0
     9b2:	601a      	str	r2, [r3, #0]
	lr_rx_bit_cnt = 0;
     9b4:	4b13      	ldr	r3, [pc, #76]	@ (a04 <lr_receive_init+0xd4>)
     9b6:	2200      	movs	r2, #0
     9b8:	701a      	strb	r2, [r3, #0]
	lr_rx_ready = 0;
     9ba:	4b13      	ldr	r3, [pc, #76]	@ (a08 <lr_receive_init+0xd8>)
     9bc:	2200      	movs	r2, #0
     9be:	701a      	strb	r2, [r3, #0]
	lr_rx_last_time = 0;
     9c0:	4912      	ldr	r1, [pc, #72]	@ (a0c <lr_receive_init+0xdc>)
     9c2:	f04f 0200 	mov.w	r2, #0
     9c6:	f04f 0300 	mov.w	r3, #0
     9ca:	e9c1 2300 	strd	r2, r3, [r1]
	lr_rx_level = 0;
     9ce:	4b10      	ldr	r3, [pc, #64]	@ (a10 <lr_receive_init+0xe0>)
     9d0:	2200      	movs	r2, #0
     9d2:	701a      	strb	r2, [r3, #0]
	state = 0;
     9d4:	4b0f      	ldr	r3, [pc, #60]	@ (a14 <lr_receive_init+0xe4>)
     9d6:	2200      	movs	r2, #0
     9d8:	701a      	strb	r2, [r3, #0]

	last_heartbeat_time = sys_get_tick();
     9da:	f000 fdd3 	bl	1584 <sys_get_tick>
     9de:	4602      	mov	r2, r0
     9e0:	460b      	mov	r3, r1
     9e2:	490d      	ldr	r1, [pc, #52]	@ (a18 <lr_receive_init+0xe8>)
     9e4:	e9c1 2300 	strd	r2, r3, [r1]
    
}
     9e8:	bf00      	nop
     9ea:	bd80      	pop	{r7, pc}
     9ec:	40048000 	.word	0x40048000
     9f0:	40015c00 	.word	0x40015c00
     9f4:	40051000 	.word	0x40051000
     9f8:	422b8000 	.word	0x422b8000
     9fc:	1fff8020 	.word	0x1fff8020
     a00:	1fff8024 	.word	0x1fff8024
     a04:	1fff8028 	.word	0x1fff8028
     a08:	1fff8029 	.word	0x1fff8029
     a0c:	1fff8030 	.word	0x1fff8030
     a10:	1fff8001 	.word	0x1fff8001
     a14:	1fff8038 	.word	0x1fff8038
     a18:	1fff8018 	.word	0x1fff8018

00000a1c <IRQ084_Handler>:
}


//红外接收中断处理函数
void IRQ084_Handler(void)
{
     a1c:	b580      	push	{r7, lr}
     a1e:	b084      	sub	sp, #16
     a20:	af00      	add	r7, sp, #0
	uint64_t now;
	uint32_t pulse_width;
	
	// 检查捕获中断标志
	if (CM_TMRA_4->STFLR & (1 << 2)) {
     a22:	4b5e      	ldr	r3, [pc, #376]	@ (b9c <IRQ084_Handler+0x180>)
     a24:	f8b3 309c 	ldrh.w	r3, [r3, #156]	@ 0x9c
     a28:	b29b      	uxth	r3, r3
     a2a:	f003 0304 	and.w	r3, r3, #4
     a2e:	2b00      	cmp	r3, #0
     a30:	f000 80b0 	beq.w	b94 <IRQ084_Handler+0x178>
		// 清除中断标志
		CM_TMRA_4->STFLR &= ~(1 << 2);
     a34:	4b59      	ldr	r3, [pc, #356]	@ (b9c <IRQ084_Handler+0x180>)
     a36:	f8b3 309c 	ldrh.w	r3, [r3, #156]	@ 0x9c
     a3a:	b29b      	uxth	r3, r3
     a3c:	4a57      	ldr	r2, [pc, #348]	@ (b9c <IRQ084_Handler+0x180>)
     a3e:	f023 0304 	bic.w	r3, r3, #4
     a42:	b29b      	uxth	r3, r3
     a44:	f8a2 309c 	strh.w	r3, [r2, #156]	@ 0x9c
		
		now = sys_get_tick();
     a48:	f000 fd9c 	bl	1584 <sys_get_tick>
     a4c:	e9c7 0100 	strd	r0, r1, [r7]
		
		if (lr_rx_last_time > 0) {
     a50:	4b53      	ldr	r3, [pc, #332]	@ (ba0 <IRQ084_Handler+0x184>)
     a52:	e9d3 2300 	ldrd	r2, r3, [r3]
     a56:	4313      	orrs	r3, r2
     a58:	d007      	beq.n	a6a <IRQ084_Handler+0x4e>
			pulse_width = (uint32_t)(now - lr_rx_last_time);
     a5a:	6839      	ldr	r1, [r7, #0]
     a5c:	4b50      	ldr	r3, [pc, #320]	@ (ba0 <IRQ084_Handler+0x184>)
     a5e:	e9d3 2300 	ldrd	r2, r3, [r3]
     a62:	4613      	mov	r3, r2
     a64:	1acb      	subs	r3, r1, r3
     a66:	60fb      	str	r3, [r7, #12]
     a68:	e001      	b.n	a6e <IRQ084_Handler+0x52>
		} else {
			pulse_width = 0;
     a6a:	2300      	movs	r3, #0
     a6c:	60fb      	str	r3, [r7, #12]
		}
		lr_rx_last_time = now;
     a6e:	494c      	ldr	r1, [pc, #304]	@ (ba0 <IRQ084_Handler+0x184>)
     a70:	e9d7 2300 	ldrd	r2, r3, [r7]
     a74:	e9c1 2300 	strd	r2, r3, [r1]
		
		if (pulse_width > 200) {
     a78:	68fb      	ldr	r3, [r7, #12]
     a7a:	2bc8      	cmp	r3, #200	@ 0xc8
     a7c:	d908      	bls.n	a90 <IRQ084_Handler+0x74>
			lr_rx_state = 0;
     a7e:	4b49      	ldr	r3, [pc, #292]	@ (ba4 <IRQ084_Handler+0x188>)
     a80:	2200      	movs	r2, #0
     a82:	701a      	strb	r2, [r3, #0]
			lr_rx_bit_cnt = 0;
     a84:	4b48      	ldr	r3, [pc, #288]	@ (ba8 <IRQ084_Handler+0x18c>)
     a86:	2200      	movs	r2, #0
     a88:	701a      	strb	r2, [r3, #0]
			lr_rx_code = 0;
     a8a:	4b48      	ldr	r3, [pc, #288]	@ (bac <IRQ084_Handler+0x190>)
     a8c:	2200      	movs	r2, #0
     a8e:	601a      	str	r2, [r3, #0]
		}
		
		// 切换电平状态
		lr_rx_level = !lr_rx_level;
     a90:	4b47      	ldr	r3, [pc, #284]	@ (bb0 <IRQ084_Handler+0x194>)
     a92:	781b      	ldrb	r3, [r3, #0]
     a94:	b2db      	uxtb	r3, r3
     a96:	2b00      	cmp	r3, #0
     a98:	bf0c      	ite	eq
     a9a:	2301      	moveq	r3, #1
     a9c:	2300      	movne	r3, #0
     a9e:	b2db      	uxtb	r3, r3
     aa0:	461a      	mov	r2, r3
     aa2:	4b43      	ldr	r3, [pc, #268]	@ (bb0 <IRQ084_Handler+0x194>)
     aa4:	701a      	strb	r2, [r3, #0]
		
		// NEC协议解码状态机
		if (lr_rx_level == 0) {
     aa6:	4b42      	ldr	r3, [pc, #264]	@ (bb0 <IRQ084_Handler+0x194>)
     aa8:	781b      	ldrb	r3, [r3, #0]
     aaa:	b2db      	uxtb	r3, r3
     aac:	2b00      	cmp	r3, #0
     aae:	d125      	bne.n	afc <IRQ084_Handler+0xe0>
			switch (lr_rx_state) {
     ab0:	4b3c      	ldr	r3, [pc, #240]	@ (ba4 <IRQ084_Handler+0x188>)
     ab2:	781b      	ldrb	r3, [r3, #0]
     ab4:	b2db      	uxtb	r3, r3
     ab6:	2b00      	cmp	r3, #0
     ab8:	d002      	beq.n	ac0 <IRQ084_Handler+0xa4>
     aba:	2b02      	cmp	r3, #2
     abc:	d010      	beq.n	ae0 <IRQ084_Handler+0xc4>
					}
					break;
			}
		}
	}
}
     abe:	e069      	b.n	b94 <IRQ084_Handler+0x178>
					if (pulse_width >= 60 && pulse_width <= 120) {
     ac0:	68fb      	ldr	r3, [r7, #12]
     ac2:	2b3b      	cmp	r3, #59	@ 0x3b
     ac4:	d965      	bls.n	b92 <IRQ084_Handler+0x176>
     ac6:	68fb      	ldr	r3, [r7, #12]
     ac8:	2b78      	cmp	r3, #120	@ 0x78
     aca:	d862      	bhi.n	b92 <IRQ084_Handler+0x176>
						lr_rx_state = 1;
     acc:	4b35      	ldr	r3, [pc, #212]	@ (ba4 <IRQ084_Handler+0x188>)
     ace:	2201      	movs	r2, #1
     ad0:	701a      	strb	r2, [r3, #0]
						lr_rx_bit_cnt = 0;
     ad2:	4b35      	ldr	r3, [pc, #212]	@ (ba8 <IRQ084_Handler+0x18c>)
     ad4:	2200      	movs	r2, #0
     ad6:	701a      	strb	r2, [r3, #0]
						lr_rx_code = 0;
     ad8:	4b34      	ldr	r3, [pc, #208]	@ (bac <IRQ084_Handler+0x190>)
     ada:	2200      	movs	r2, #0
     adc:	601a      	str	r2, [r3, #0]
					break;
     ade:	e058      	b.n	b92 <IRQ084_Handler+0x176>
					if (pulse_width >= 3 && pulse_width <= 10) {
     ae0:	68fb      	ldr	r3, [r7, #12]
     ae2:	2b02      	cmp	r3, #2
     ae4:	d906      	bls.n	af4 <IRQ084_Handler+0xd8>
     ae6:	68fb      	ldr	r3, [r7, #12]
     ae8:	2b0a      	cmp	r3, #10
     aea:	d803      	bhi.n	af4 <IRQ084_Handler+0xd8>
						lr_rx_state = 3;
     aec:	4b2d      	ldr	r3, [pc, #180]	@ (ba4 <IRQ084_Handler+0x188>)
     aee:	2203      	movs	r2, #3
     af0:	701a      	strb	r2, [r3, #0]
					break;
     af2:	e04f      	b.n	b94 <IRQ084_Handler+0x178>
						lr_rx_state = 0;
     af4:	4b2b      	ldr	r3, [pc, #172]	@ (ba4 <IRQ084_Handler+0x188>)
     af6:	2200      	movs	r2, #0
     af8:	701a      	strb	r2, [r3, #0]
					break;
     afa:	e04b      	b.n	b94 <IRQ084_Handler+0x178>
			switch (lr_rx_state) {
     afc:	4b29      	ldr	r3, [pc, #164]	@ (ba4 <IRQ084_Handler+0x188>)
     afe:	781b      	ldrb	r3, [r3, #0]
     b00:	b2db      	uxtb	r3, r3
     b02:	2b01      	cmp	r3, #1
     b04:	d002      	beq.n	b0c <IRQ084_Handler+0xf0>
     b06:	2b03      	cmp	r3, #3
     b08:	d00e      	beq.n	b28 <IRQ084_Handler+0x10c>
}
     b0a:	e043      	b.n	b94 <IRQ084_Handler+0x178>
					if (pulse_width >= 25 && pulse_width <= 60) {
     b0c:	68fb      	ldr	r3, [r7, #12]
     b0e:	2b18      	cmp	r3, #24
     b10:	d906      	bls.n	b20 <IRQ084_Handler+0x104>
     b12:	68fb      	ldr	r3, [r7, #12]
     b14:	2b3c      	cmp	r3, #60	@ 0x3c
     b16:	d803      	bhi.n	b20 <IRQ084_Handler+0x104>
						lr_rx_state = 2;
     b18:	4b22      	ldr	r3, [pc, #136]	@ (ba4 <IRQ084_Handler+0x188>)
     b1a:	2202      	movs	r2, #2
     b1c:	701a      	strb	r2, [r3, #0]
					break;
     b1e:	e039      	b.n	b94 <IRQ084_Handler+0x178>
						lr_rx_state = 0;
     b20:	4b20      	ldr	r3, [pc, #128]	@ (ba4 <IRQ084_Handler+0x188>)
     b22:	2200      	movs	r2, #0
     b24:	701a      	strb	r2, [r3, #0]
					break;
     b26:	e035      	b.n	b94 <IRQ084_Handler+0x178>
					if (pulse_width >= 3 && pulse_width <= 10) {
     b28:	68fb      	ldr	r3, [r7, #12]
     b2a:	2b02      	cmp	r3, #2
     b2c:	d908      	bls.n	b40 <IRQ084_Handler+0x124>
     b2e:	68fb      	ldr	r3, [r7, #12]
     b30:	2b0a      	cmp	r3, #10
     b32:	d805      	bhi.n	b40 <IRQ084_Handler+0x124>
						lr_rx_code >>= 1;
     b34:	4b1d      	ldr	r3, [pc, #116]	@ (bac <IRQ084_Handler+0x190>)
     b36:	681b      	ldr	r3, [r3, #0]
     b38:	085b      	lsrs	r3, r3, #1
     b3a:	4a1c      	ldr	r2, [pc, #112]	@ (bac <IRQ084_Handler+0x190>)
     b3c:	6013      	str	r3, [r2, #0]
     b3e:	e011      	b.n	b64 <IRQ084_Handler+0x148>
					} else if (pulse_width >= 12 && pulse_width <= 25) {
     b40:	68fb      	ldr	r3, [r7, #12]
     b42:	2b0b      	cmp	r3, #11
     b44:	d90a      	bls.n	b5c <IRQ084_Handler+0x140>
     b46:	68fb      	ldr	r3, [r7, #12]
     b48:	2b19      	cmp	r3, #25
     b4a:	d807      	bhi.n	b5c <IRQ084_Handler+0x140>
						lr_rx_code = (lr_rx_code >> 1) | 0x80000000;
     b4c:	4b17      	ldr	r3, [pc, #92]	@ (bac <IRQ084_Handler+0x190>)
     b4e:	681b      	ldr	r3, [r3, #0]
     b50:	085b      	lsrs	r3, r3, #1
     b52:	f043 4300 	orr.w	r3, r3, #2147483648	@ 0x80000000
     b56:	4a15      	ldr	r2, [pc, #84]	@ (bac <IRQ084_Handler+0x190>)
     b58:	6013      	str	r3, [r2, #0]
     b5a:	e003      	b.n	b64 <IRQ084_Handler+0x148>
						lr_rx_state = 0;
     b5c:	4b11      	ldr	r3, [pc, #68]	@ (ba4 <IRQ084_Handler+0x188>)
     b5e:	2200      	movs	r2, #0
     b60:	701a      	strb	r2, [r3, #0]
						break;
     b62:	e017      	b.n	b94 <IRQ084_Handler+0x178>
					lr_rx_bit_cnt++;
     b64:	4b10      	ldr	r3, [pc, #64]	@ (ba8 <IRQ084_Handler+0x18c>)
     b66:	781b      	ldrb	r3, [r3, #0]
     b68:	b2db      	uxtb	r3, r3
     b6a:	3301      	adds	r3, #1
     b6c:	b2da      	uxtb	r2, r3
     b6e:	4b0e      	ldr	r3, [pc, #56]	@ (ba8 <IRQ084_Handler+0x18c>)
     b70:	701a      	strb	r2, [r3, #0]
					if (lr_rx_bit_cnt >= 32) {
     b72:	4b0d      	ldr	r3, [pc, #52]	@ (ba8 <IRQ084_Handler+0x18c>)
     b74:	781b      	ldrb	r3, [r3, #0]
     b76:	b2db      	uxtb	r3, r3
     b78:	2b1f      	cmp	r3, #31
     b7a:	d906      	bls.n	b8a <IRQ084_Handler+0x16e>
						lr_rx_ready = 1;
     b7c:	4b0d      	ldr	r3, [pc, #52]	@ (bb4 <IRQ084_Handler+0x198>)
     b7e:	2201      	movs	r2, #1
     b80:	701a      	strb	r2, [r3, #0]
						lr_rx_state = 0;
     b82:	4b08      	ldr	r3, [pc, #32]	@ (ba4 <IRQ084_Handler+0x188>)
     b84:	2200      	movs	r2, #0
     b86:	701a      	strb	r2, [r3, #0]
					break;
     b88:	e004      	b.n	b94 <IRQ084_Handler+0x178>
						lr_rx_state = 2;
     b8a:	4b06      	ldr	r3, [pc, #24]	@ (ba4 <IRQ084_Handler+0x188>)
     b8c:	2202      	movs	r2, #2
     b8e:	701a      	strb	r2, [r3, #0]
					break;
     b90:	e000      	b.n	b94 <IRQ084_Handler+0x178>
					break;
     b92:	bf00      	nop
}
     b94:	bf00      	nop
     b96:	3710      	adds	r7, #16
     b98:	46bd      	mov	sp, r7
     b9a:	bd80      	pop	{r7, pc}
     b9c:	40015c00 	.word	0x40015c00
     ba0:	1fff8030 	.word	0x1fff8030
     ba4:	1fff8020 	.word	0x1fff8020
     ba8:	1fff8028 	.word	0x1fff8028
     bac:	1fff8024 	.word	0x1fff8024
     bb0:	1fff8001 	.word	0x1fff8001
     bb4:	1fff8029 	.word	0x1fff8029

00000bb8 <_pid_update>:
#include "i2c_slave.h"
#include "i2cmaster.h"


void _pid_update(void)
{
     bb8:	b480      	push	{r7}
     bba:	af00      	add	r7, sp, #0
	// voltage_overload();
	// temperature_overload();



}
     bbc:	bf00      	nop
     bbe:	46bd      	mov	sp, r7
     bc0:	f85d 7b04 	ldr.w	r7, [sp], #4
     bc4:	4770      	bx	lr
	...

00000bc8 <main>:

int main(void)
{
     bc8:	b580      	push	{r7, lr}
     bca:	b08a      	sub	sp, #40	@ 0x28
     bcc:	af00      	add	r7, sp, #0
	stimer_t st;

	stimer_init();
     bce:	f000 f9e7 	bl	fa0 <stimer_init>
	io_init();
     bd2:	f7ff fda7 	bl	724 <io_init>
	lr_init();
     bd6:	f7ff fe71 	bl	8bc <lr_init>
	lr_receive_init();
     bda:	f7ff fea9 	bl	930 <lr_receive_init>
	// //机器人
	ability_robote_init();
     bde:	f7ff fc1f 	bl	420 <ability_robote_init>

	//从机
	i2c_slave_init();
     be2:	f7ff fc33 	bl	44c <i2c_slave_init>
	

	
	//WDT_init();	

	st.id = 1;
     be6:	2301      	movs	r3, #1
     be8:	803b      	strh	r3, [r7, #0]
	st.statu = 0;
     bea:	2300      	movs	r3, #0
     bec:	70bb      	strb	r3, [r7, #2]
	st.period = 100;
     bee:	2364      	movs	r3, #100	@ 0x64
     bf0:	61bb      	str	r3, [r7, #24]
	st.handle = _pid_update;
     bf2:	4b08      	ldr	r3, [pc, #32]	@ (c14 <Heap_Size+0x14>)
     bf4:	623b      	str	r3, [r7, #32]
	stimer_register(&st);
     bf6:	463b      	mov	r3, r7
     bf8:	4618      	mov	r0, r3
     bfa:	f000 f9f9 	bl	ff0 <stimer_register>
	stimer_ctrl(1, true, STIMER_STATU_POS_ENABLE | STIMER_STATU_POS_PERIOD);
     bfe:	2203      	movs	r2, #3
     c00:	2101      	movs	r1, #1
     c02:	2001      	movs	r0, #1
     c04:	f000 fa22 	bl	104c <stimer_ctrl>


	for (;;) {

		//WDT_flash();
		stimer_poll();
     c08:	f000 fa70 	bl	10ec <stimer_poll>
		// inquire();
		//机器人


		//从机
		i2c_slave_poll();      
     c0c:	f7ff fcfe 	bl	60c <i2c_slave_poll>
		stimer_poll();
     c10:	bf00      	nop
     c12:	e7f9      	b.n	c08 <Heap_Size+0x8>
     c14:	00000bb9 	.word	0x00000bb9

00000c18 <__msl_memcpy>:
				uint8_t shift;
				flag_x = 0;
				div = 16;
				shift = 4;
				head_pos = dst_buf.pos;
				if (*fmt == 'x') {
     c18:	b480      	push	{r7}
     c1a:	b087      	sub	sp, #28
					flag_x = 1;
     c1c:	af00      	add	r7, sp, #0
     c1e:	60f8      	str	r0, [r7, #12]
     c20:	60b9      	str	r1, [r7, #8]
     c22:	607a      	str	r2, [r7, #4]
				} else if (*fmt == 'o') {
     c24:	68fb      	ldr	r3, [r7, #12]
     c26:	617b      	str	r3, [r7, #20]
     c28:	68bb      	ldr	r3, [r7, #8]
     c2a:	613b      	str	r3, [r7, #16]
     c2c:	e007      	b.n	c3e <__msl_memcpy+0x26>
     c2e:	693a      	ldr	r2, [r7, #16]
					div = 8;
     c30:	1c53      	adds	r3, r2, #1
     c32:	613b      	str	r3, [r7, #16]
     c34:	697b      	ldr	r3, [r7, #20]
					shift = 3;
     c36:	1c59      	adds	r1, r3, #1
     c38:	6179      	str	r1, [r7, #20]
     c3a:	7812      	ldrb	r2, [r2, #0]
				}
				__msl_uint64_t d_dat = __msl_va_arg(vl, __msl_uint64_t);
     c3c:	701a      	strb	r2, [r3, #0]
     c3e:	687b      	ldr	r3, [r7, #4]
     c40:	1e5a      	subs	r2, r3, #1
     c42:	607a      	str	r2, [r7, #4]
     c44:	2b00      	cmp	r3, #0
     c46:	d1f2      	bne.n	c2e <__msl_memcpy+0x16>
     c48:	bf00      	nop
     c4a:	bf00      	nop
     c4c:	371c      	adds	r7, #28
     c4e:	46bd      	mov	sp, r7
     c50:	f85d 7b04 	ldr.w	r7, [sp], #4
				uint32_t d_32 = (uint32_t)d_dat;
     c54:	4770      	bx	lr

00000c56 <c_queue_rx_buf_queue_t_full>:
     c56:	b480      	push	{r7}
     c58:	b083      	sub	sp, #12
				uint16_t d_16 = (uint16_t)d_dat;
     c5a:	af00      	add	r7, sp, #0
     c5c:	6078      	str	r0, [r7, #4]
     c5e:	687b      	ldr	r3, [r7, #4]
     c60:	f8d3 30d0 	ldr.w	r3, [r3, #208]	@ 0xd0
				if (d_dat != 0) {
     c64:	2b03      	cmp	r3, #3
     c66:	bf0c      	ite	eq
     c68:	2301      	moveq	r3, #1
     c6a:	2300      	movne	r3, #0
					switch (p_fmt.length) {
     c6c:	b2db      	uxtb	r3, r3
     c6e:	4618      	mov	r0, r3
     c70:	370c      	adds	r7, #12
     c72:	46bd      	mov	sp, r7
     c74:	f85d 7b04 	ldr.w	r7, [sp], #4
     c78:	4770      	bx	lr
	...

00000c7c <c_queue_rx_buf_queue_t_push>:
					case 'w':
						while (d_dat != 0) {
     c7c:	b580      	push	{r7, lr}
							dst_buf.dat[dst_buf.pos] = hex_char[d_dat % div];
     c7e:	b082      	sub	sp, #8
     c80:	af00      	add	r7, sp, #0
     c82:	6078      	str	r0, [r7, #4]
     c84:	6039      	str	r1, [r7, #0]
     c86:	6878      	ldr	r0, [r7, #4]
     c88:	f7ff ffe5 	bl	c56 <c_queue_rx_buf_queue_t_full>
     c8c:	4603      	mov	r3, r0
     c8e:	2b00      	cmp	r3, #0
     c90:	d001      	beq.n	c96 <c_queue_rx_buf_queue_t_push+0x1a>
     c92:	2303      	movs	r3, #3
     c94:	e026      	b.n	ce4 <c_queue_rx_buf_queue_t_push+0x68>
     c96:	687b      	ldr	r3, [r7, #4]
     c98:	f8d3 20cc 	ldr.w	r2, [r3, #204]	@ 0xcc
     c9c:	6879      	ldr	r1, [r7, #4]
     c9e:	4613      	mov	r3, r2
     ca0:	015b      	lsls	r3, r3, #5
     ca2:	4413      	add	r3, r2
     ca4:	005b      	lsls	r3, r3, #1
     ca6:	18ca      	adds	r2, r1, r3
     ca8:	683b      	ldr	r3, [r7, #0]
     caa:	4610      	mov	r0, r2
							if (flag_x && dst_buf.dat[dst_buf.pos] >= 'A') {
     cac:	4619      	mov	r1, r3
     cae:	2342      	movs	r3, #66	@ 0x42
     cb0:	461a      	mov	r2, r3
     cb2:	f000 fcdf 	bl	1674 <memcpy>
     cb6:	687b      	ldr	r3, [r7, #4]
     cb8:	f8d3 30cc 	ldr.w	r3, [r3, #204]	@ 0xcc
     cbc:	1c59      	adds	r1, r3, #1
     cbe:	4b0b      	ldr	r3, [pc, #44]	@ (cec <c_queue_rx_buf_queue_t_push+0x70>)
     cc0:	fba3 2301 	umull	r2, r3, r3, r1
     cc4:	085a      	lsrs	r2, r3, #1
     cc6:	4613      	mov	r3, r2
     cc8:	005b      	lsls	r3, r3, #1
     cca:	4413      	add	r3, r2
     ccc:	1aca      	subs	r2, r1, r3
								dst_buf.dat[dst_buf.pos] += 32;
     cce:	687b      	ldr	r3, [r7, #4]
     cd0:	f8c3 20cc 	str.w	r2, [r3, #204]	@ 0xcc
     cd4:	687b      	ldr	r3, [r7, #4]
     cd6:	f8d3 30d0 	ldr.w	r3, [r3, #208]	@ 0xd0
     cda:	1c5a      	adds	r2, r3, #1
     cdc:	687b      	ldr	r3, [r7, #4]
     cde:	f8c3 20d0 	str.w	r2, [r3, #208]	@ 0xd0
     ce2:	2300      	movs	r3, #0
     ce4:	4618      	mov	r0, r3
     ce6:	3708      	adds	r7, #8
     ce8:	46bd      	mov	sp, r7
     cea:	bd80      	pop	{r7, pc}
     cec:	aaaaaaab 	.word	0xaaaaaaab

00000cf0 <__set_rx_mode>:
     cf0:	b480      	push	{r7}
     cf2:	af00      	add	r7, sp, #0
     cf4:	4b06      	ldr	r3, [pc, #24]	@ (d10 <__set_rx_mode+0x20>)
     cf6:	2201      	movs	r2, #1
     cf8:	f8c3 2168 	str.w	r2, [r3, #360]	@ 0x168
     cfc:	4b04      	ldr	r3, [pc, #16]	@ (d10 <__set_rx_mode+0x20>)
							}
							dst_buf.pos++;
     cfe:	2201      	movs	r2, #1
     d00:	f8c3 216c 	str.w	r2, [r3, #364]	@ 0x16c
     d04:	bf00      	nop
     d06:	46bd      	mov	sp, r7
     d08:	f85d 7b04 	ldr.w	r7, [sp], #4
     d0c:	4770      	bx	lr
     d0e:	bf00      	nop
     d10:	42a70000 	.word	0x42a70000

00000d14 <IRQ080_Handler>:
     d14:	b480      	push	{r7}
     d16:	b083      	sub	sp, #12
							d_dat = d_dat >> shift;
     d18:	af00      	add	r7, sp, #0
     d1a:	4b1c      	ldr	r3, [pc, #112]	@ (d8c <IRQ080_Handler+0x78>)
     d1c:	f8d3 319c 	ldr.w	r3, [r3, #412]	@ 0x19c
     d20:	2b01      	cmp	r3, #1
     d22:	d12c      	bne.n	d7e <IRQ080_Handler+0x6a>
     d24:	4b1a      	ldr	r3, [pc, #104]	@ (d90 <IRQ080_Handler+0x7c>)
     d26:	689b      	ldr	r3, [r3, #8]
						while (d_dat != 0) {
     d28:	f8d3 2100 	ldr.w	r2, [r3, #256]	@ 0x100
     d2c:	4b18      	ldr	r3, [pc, #96]	@ (d90 <IRQ080_Handler+0x7c>)
     d2e:	689b      	ldr	r3, [r3, #8]
						}
						break;
     d30:	f8d3 3104 	ldr.w	r3, [r3, #260]	@ 0x104
					case 'h':
						while (d_16 != 0) {
							dst_buf.dat[dst_buf.pos] = hex_char[d_16 % div];
     d34:	429a      	cmp	r2, r3
     d36:	d022      	beq.n	d7e <IRQ080_Handler+0x6a>
     d38:	4b15      	ldr	r3, [pc, #84]	@ (d90 <IRQ080_Handler+0x7c>)
     d3a:	689b      	ldr	r3, [r3, #8]
     d3c:	f8d3 3100 	ldr.w	r3, [r3, #256]	@ 0x100
     d40:	607b      	str	r3, [r7, #4]
     d42:	4b13      	ldr	r3, [pc, #76]	@ (d90 <IRQ080_Handler+0x7c>)
     d44:	689a      	ldr	r2, [r3, #8]
     d46:	687b      	ldr	r3, [r7, #4]
     d48:	4413      	add	r3, r2
     d4a:	781b      	ldrb	r3, [r3, #0]
     d4c:	b25a      	sxtb	r2, r3
     d4e:	4b11      	ldr	r3, [pc, #68]	@ (d94 <IRQ080_Handler+0x80>)
     d50:	b292      	uxth	r2, r2
     d52:	809a      	strh	r2, [r3, #4]
     d54:	687b      	ldr	r3, [r7, #4]
     d56:	1c5a      	adds	r2, r3, #1
     d58:	4b0d      	ldr	r3, [pc, #52]	@ (d90 <IRQ080_Handler+0x7c>)
     d5a:	689b      	ldr	r3, [r3, #8]
     d5c:	b2d2      	uxtb	r2, r2
     d5e:	f8c3 2100 	str.w	r2, [r3, #256]	@ 0x100
							if (flag_x && dst_buf.dat[dst_buf.pos] >= 'A') {
     d62:	4b0b      	ldr	r3, [pc, #44]	@ (d90 <IRQ080_Handler+0x7c>)
     d64:	689b      	ldr	r3, [r3, #8]
     d66:	f8d3 2100 	ldr.w	r2, [r3, #256]	@ 0x100
     d6a:	4b09      	ldr	r3, [pc, #36]	@ (d90 <IRQ080_Handler+0x7c>)
     d6c:	689b      	ldr	r3, [r3, #8]
     d6e:	f8d3 3104 	ldr.w	r3, [r3, #260]	@ 0x104
     d72:	429a      	cmp	r2, r3
     d74:	d103      	bne.n	d7e <IRQ080_Handler+0x6a>
     d76:	4b05      	ldr	r3, [pc, #20]	@ (d8c <IRQ080_Handler+0x78>)
     d78:	2201      	movs	r2, #1
     d7a:	f8c3 2198 	str.w	r2, [r3, #408]	@ 0x198
     d7e:	bf00      	nop
     d80:	370c      	adds	r7, #12
								dst_buf.dat[dst_buf.pos] += 32;
     d82:	46bd      	mov	sp, r7
     d84:	f85d 7b04 	ldr.w	r7, [sp], #4
     d88:	4770      	bx	lr
     d8a:	bf00      	nop
     d8c:	423a0000 	.word	0x423a0000
     d90:	1fff8110 	.word	0x1fff8110
     d94:	4001d000 	.word	0x4001d000

00000d98 <IRQ083_Handler>:
     d98:	b580      	push	{r7, lr}
     d9a:	af00      	add	r7, sp, #0
     d9c:	4b0a      	ldr	r3, [pc, #40]	@ (dc8 <IRQ083_Handler+0x30>)
     d9e:	689b      	ldr	r3, [r3, #8]
     da0:	f8d3 2100 	ldr.w	r2, [r3, #256]	@ 0x100
     da4:	4b08      	ldr	r3, [pc, #32]	@ (dc8 <IRQ083_Handler+0x30>)
     da6:	689b      	ldr	r3, [r3, #8]
     da8:	f8d3 3104 	ldr.w	r3, [r3, #260]	@ 0x104
     dac:	429a      	cmp	r2, r3
     dae:	d109      	bne.n	dc4 <IRQ083_Handler+0x2c>
     db0:	4b06      	ldr	r3, [pc, #24]	@ (dcc <IRQ083_Handler+0x34>)
							}
							dst_buf.pos++;
     db2:	2200      	movs	r2, #0
     db4:	f8c3 219c 	str.w	r2, [r3, #412]	@ 0x19c
     db8:	4b04      	ldr	r3, [pc, #16]	@ (dcc <IRQ083_Handler+0x34>)
     dba:	2200      	movs	r2, #0
     dbc:	f8c3 2198 	str.w	r2, [r3, #408]	@ 0x198
     dc0:	f7ff ff96 	bl	cf0 <__set_rx_mode>
     dc4:	bf00      	nop
     dc6:	bd80      	pop	{r7, pc}
     dc8:	1fff8110 	.word	0x1fff8110
							d_16 = d_16 >> shift;
     dcc:	423a0000 	.word	0x423a0000

00000dd0 <IRQ081_Handler>:
     dd0:	b480      	push	{r7}
     dd2:	b083      	sub	sp, #12
     dd4:	af00      	add	r7, sp, #0
     dd6:	4b1a      	ldr	r3, [pc, #104]	@ (e40 <IRQ081_Handler+0x70>)
     dd8:	685b      	ldr	r3, [r3, #4]
     dda:	2b01      	cmp	r3, #1
						while (d_16 != 0) {
     ddc:	d103      	bne.n	de6 <IRQ081_Handler+0x16>
     dde:	4b18      	ldr	r3, [pc, #96]	@ (e40 <IRQ081_Handler+0x70>)
     de0:	2201      	movs	r2, #1
     de2:	f8c3 21c4 	str.w	r2, [r3, #452]	@ 0x1c4
						}
						break;
					default:
						while (d_32 != 0) {
							dst_buf.dat[dst_buf.pos] = hex_char[d_32 % div];
     de6:	4b16      	ldr	r3, [pc, #88]	@ (e40 <IRQ081_Handler+0x70>)
     de8:	695b      	ldr	r3, [r3, #20]
     dea:	2b01      	cmp	r3, #1
     dec:	d122      	bne.n	e34 <IRQ081_Handler+0x64>
     dee:	4b15      	ldr	r3, [pc, #84]	@ (e44 <IRQ081_Handler+0x74>)
     df0:	88db      	ldrh	r3, [r3, #6]
     df2:	b29b      	uxth	r3, r3
     df4:	71fb      	strb	r3, [r7, #7]
     df6:	4b14      	ldr	r3, [pc, #80]	@ (e48 <IRQ081_Handler+0x78>)
     df8:	68db      	ldr	r3, [r3, #12]
     dfa:	f8d3 3204 	ldr.w	r3, [r3, #516]	@ 0x204
     dfe:	3301      	adds	r3, #1
     e00:	f3c3 0308 	ubfx	r3, r3, #0, #9
     e04:	603b      	str	r3, [r7, #0]
     e06:	4b10      	ldr	r3, [pc, #64]	@ (e48 <IRQ081_Handler+0x78>)
     e08:	68db      	ldr	r3, [r3, #12]
     e0a:	f8d3 3200 	ldr.w	r3, [r3, #512]	@ 0x200
     e0e:	683a      	ldr	r2, [r7, #0]
     e10:	429a      	cmp	r2, r3
     e12:	d00e      	beq.n	e32 <IRQ081_Handler+0x62>
							if (flag_x && dst_buf.dat[dst_buf.pos] >= 'A') {
     e14:	4b0c      	ldr	r3, [pc, #48]	@ (e48 <IRQ081_Handler+0x78>)
     e16:	68da      	ldr	r2, [r3, #12]
     e18:	4b0b      	ldr	r3, [pc, #44]	@ (e48 <IRQ081_Handler+0x78>)
     e1a:	68db      	ldr	r3, [r3, #12]
     e1c:	f8d3 3204 	ldr.w	r3, [r3, #516]	@ 0x204
     e20:	f997 1007 	ldrsb.w	r1, [r7, #7]
     e24:	54d1      	strb	r1, [r2, r3]
     e26:	4b08      	ldr	r3, [pc, #32]	@ (e48 <IRQ081_Handler+0x78>)
     e28:	68db      	ldr	r3, [r3, #12]
     e2a:	683a      	ldr	r2, [r7, #0]
     e2c:	f8c3 2204 	str.w	r2, [r3, #516]	@ 0x204
     e30:	e000      	b.n	e34 <IRQ081_Handler+0x64>
     e32:	bf00      	nop
     e34:	370c      	adds	r7, #12
								dst_buf.dat[dst_buf.pos] += 32;
     e36:	46bd      	mov	sp, r7
     e38:	f85d 7b04 	ldr.w	r7, [sp], #4
     e3c:	4770      	bx	lr
     e3e:	bf00      	nop
     e40:	423a0000 	.word	0x423a0000
     e44:	4001d000 	.word	0x4001d000
     e48:	1fff8110 	.word	0x1fff8110

00000e4c <IRQ082_Handler>:
     e4c:	b580      	push	{r7, lr}
     e4e:	b092      	sub	sp, #72	@ 0x48
     e50:	af00      	add	r7, sp, #0
     e52:	4b29      	ldr	r3, [pc, #164]	@ (ef8 <IRQ082_Handler+0xac>)
     e54:	6a1b      	ldr	r3, [r3, #32]
     e56:	2b01      	cmp	r3, #1
     e58:	d149      	bne.n	eee <IRQ082_Handler+0xa2>
     e5a:	2300      	movs	r3, #0
     e5c:	f8a7 3046 	strh.w	r3, [r7, #70]	@ 0x46
     e60:	e01e      	b.n	ea0 <IRQ082_Handler+0x54>
     e62:	4b26      	ldr	r3, [pc, #152]	@ (efc <IRQ082_Handler+0xb0>)
     e64:	68da      	ldr	r2, [r3, #12]
							}
							dst_buf.pos++;
     e66:	4b25      	ldr	r3, [pc, #148]	@ (efc <IRQ082_Handler+0xb0>)
     e68:	68db      	ldr	r3, [r3, #12]
     e6a:	f8d3 3200 	ldr.w	r3, [r3, #512]	@ 0x200
     e6e:	5cd3      	ldrb	r3, [r2, r3]
     e70:	b25a      	sxtb	r2, r3
     e72:	f8b7 3046 	ldrh.w	r3, [r7, #70]	@ 0x46
     e76:	b2d2      	uxtb	r2, r2
     e78:	3348      	adds	r3, #72	@ 0x48
     e7a:	443b      	add	r3, r7
     e7c:	f803 2c44 	strb.w	r2, [r3, #-68]
							d_32 = d_32 >> shift;
     e80:	4b1e      	ldr	r3, [pc, #120]	@ (efc <IRQ082_Handler+0xb0>)
     e82:	68db      	ldr	r3, [r3, #12]
     e84:	f8d3 3200 	ldr.w	r3, [r3, #512]	@ 0x200
     e88:	1c5a      	adds	r2, r3, #1
     e8a:	4b1c      	ldr	r3, [pc, #112]	@ (efc <IRQ082_Handler+0xb0>)
     e8c:	68db      	ldr	r3, [r3, #12]
     e8e:	f3c2 0208 	ubfx	r2, r2, #0, #9
						while (d_32 != 0) {
     e92:	f8c3 2200 	str.w	r2, [r3, #512]	@ 0x200
     e96:	f8b7 3046 	ldrh.w	r3, [r7, #70]	@ 0x46
						}
						break;
					}
				} else {
					dst_buf.dat[dst_buf.pos++] = '0';
     e9a:	3301      	adds	r3, #1
     e9c:	f8a7 3046 	strh.w	r3, [r7, #70]	@ 0x46
     ea0:	4b16      	ldr	r3, [pc, #88]	@ (efc <IRQ082_Handler+0xb0>)
     ea2:	6a9b      	ldr	r3, [r3, #40]	@ 0x28
     ea4:	4815      	ldr	r0, [pc, #84]	@ (efc <IRQ082_Handler+0xb0>)
     ea6:	4798      	blx	r3
     ea8:	4603      	mov	r3, r0
     eaa:	f083 0301 	eor.w	r3, r3, #1
     eae:	b2db      	uxtb	r3, r3
     eb0:	2b00      	cmp	r3, #0
     eb2:	d1d6      	bne.n	e62 <IRQ082_Handler+0x16>
     eb4:	f8b7 3046 	ldrh.w	r3, [r7, #70]	@ 0x46
     eb8:	f8a7 3044 	strh.w	r3, [r7, #68]	@ 0x44
     ebc:	f8b7 3046 	ldrh.w	r3, [r7, #70]	@ 0x46
				}
				if (p_fmt.presition != 0) {
     ec0:	2b00      	cmp	r3, #0
     ec2:	d004      	beq.n	ece <IRQ082_Handler+0x82>
     ec4:	1d3b      	adds	r3, r7, #4
     ec6:	4619      	mov	r1, r3
					while (dst_buf.pos - head_pos < p_fmt.presition) {
     ec8:	480d      	ldr	r0, [pc, #52]	@ (f00 <IRQ082_Handler+0xb4>)
						dst_buf.dat[dst_buf.pos++] = '0';
     eca:	f7ff fed7 	bl	c7c <c_queue_rx_buf_queue_t_push>
     ece:	4b0d      	ldr	r3, [pc, #52]	@ (f04 <IRQ082_Handler+0xb8>)
     ed0:	2200      	movs	r2, #0
     ed2:	f8c3 2220 	str.w	r2, [r3, #544]	@ 0x220
     ed6:	4b0b      	ldr	r3, [pc, #44]	@ (f04 <IRQ082_Handler+0xb8>)
     ed8:	2200      	movs	r2, #0
     eda:	f8c3 2200 	str.w	r2, [r3, #512]	@ 0x200
     ede:	4b09      	ldr	r3, [pc, #36]	@ (f04 <IRQ082_Handler+0xb8>)
     ee0:	2201      	movs	r2, #1
     ee2:	f8c3 2220 	str.w	r2, [r3, #544]	@ 0x220
     ee6:	4b04      	ldr	r3, [pc, #16]	@ (ef8 <IRQ082_Handler+0xac>)
     ee8:	2201      	movs	r2, #1
     eea:	f8c3 21d0 	str.w	r2, [r3, #464]	@ 0x1d0
     eee:	bf00      	nop
					while (dst_buf.pos - head_pos < p_fmt.presition) {
     ef0:	3748      	adds	r7, #72	@ 0x48
     ef2:	46bd      	mov	sp, r7
     ef4:	bd80      	pop	{r7, pc}
     ef6:	bf00      	nop
     ef8:	423a0000 	.word	0x423a0000
     efc:	1fff8110 	.word	0x1fff8110
     f00:	1fff803c 	.word	0x1fff803c
     f04:	42488000 	.word	0x42488000

00000f08 <stimer_get_by_id>:
     f08:	b480      	push	{r7}
					}
					p_fmt.flag &= ~_MSL_PRINTF_FLAG_ZERO;
     f0a:	b085      	sub	sp, #20
     f0c:	af00      	add	r7, sp, #0
     f0e:	4603      	mov	r3, r0
     f10:	80fb      	strh	r3, [r7, #6]
     f12:	2300      	movs	r3, #0
     f14:	81fb      	strh	r3, [r7, #14]
     f16:	e015      	b.n	f44 <stimer_get_by_id+0x3c>
				}
				if ((p_fmt.flag & _MSL_PRINTF_FLAG_ZERO)
     f18:	89fa      	ldrh	r2, [r7, #14]
     f1a:	490f      	ldr	r1, [pc, #60]	@ (f58 <stimer_get_by_id+0x50>)
     f1c:	4613      	mov	r3, r2
     f1e:	009b      	lsls	r3, r3, #2
     f20:	4413      	add	r3, r2
     f22:	00db      	lsls	r3, r3, #3
						&& !(p_fmt.flag & _MSL_PRINTF_FLAG_SUB)) {
     f24:	440b      	add	r3, r1
     f26:	881b      	ldrh	r3, [r3, #0]
     f28:	88fa      	ldrh	r2, [r7, #6]
     f2a:	429a      	cmp	r2, r3
     f2c:	d107      	bne.n	f3e <stimer_get_by_id+0x36>
     f2e:	89fa      	ldrh	r2, [r7, #14]
					while (dst_buf.pos - head_pos < p_fmt.width) {
     f30:	4613      	mov	r3, r2
						dst_buf.dat[dst_buf.pos++] = '0';
     f32:	009b      	lsls	r3, r3, #2
     f34:	4413      	add	r3, r2
     f36:	00db      	lsls	r3, r3, #3
     f38:	4a07      	ldr	r2, [pc, #28]	@ (f58 <stimer_get_by_id+0x50>)
     f3a:	4413      	add	r3, r2
     f3c:	e006      	b.n	f4c <stimer_get_by_id+0x44>
     f3e:	89fb      	ldrh	r3, [r7, #14]
     f40:	3301      	adds	r3, #1
     f42:	81fb      	strh	r3, [r7, #14]
     f44:	89fb      	ldrh	r3, [r7, #14]
     f46:	2b1f      	cmp	r3, #31
     f48:	d9e6      	bls.n	f18 <stimer_get_by_id+0x10>
     f4a:	2300      	movs	r3, #0
     f4c:	4618      	mov	r0, r3
     f4e:	3714      	adds	r7, #20
     f50:	46bd      	mov	sp, r7
     f52:	f85d 7b04 	ldr.w	r7, [sp], #4
     f56:	4770      	bx	lr
					while (dst_buf.pos - head_pos < p_fmt.width) {
     f58:	1fff8150 	.word	0x1fff8150

00000f5c <stimer_clear>:
     f5c:	b480      	push	{r7}
     f5e:	b083      	sub	sp, #12
     f60:	af00      	add	r7, sp, #0
     f62:	6078      	str	r0, [r7, #4]
     f64:	687b      	ldr	r3, [r7, #4]
     f66:	2200      	movs	r2, #0
     f68:	621a      	str	r2, [r3, #32]
     f6a:	6879      	ldr	r1, [r7, #4]
     f6c:	f04f 0200 	mov.w	r2, #0
     f70:	f04f 0300 	mov.w	r3, #0
					}
					if (p_fmt.flag & _MSL_PRINTF_FLAG_POUND) {
     f74:	e9c1 2302 	strd	r2, r3, [r1, #8]
     f78:	6879      	ldr	r1, [r7, #4]
     f7a:	f04f 0200 	mov.w	r2, #0
     f7e:	f04f 0300 	mov.w	r3, #0
						dst_buf.dat[dst_buf.pos - 1] = '0';
     f82:	e9c1 2304 	strd	r2, r3, [r1, #16]
     f86:	687b      	ldr	r3, [r7, #4]
     f88:	2200      	movs	r2, #0
     f8a:	619a      	str	r2, [r3, #24]
     f8c:	687b      	ldr	r3, [r7, #4]
     f8e:	2200      	movs	r2, #0
     f90:	709a      	strb	r2, [r3, #2]
     f92:	bf00      	nop
     f94:	370c      	adds	r7, #12
     f96:	46bd      	mov	sp, r7
     f98:	f85d 7b04 	ldr.w	r7, [sp], #4
						if (*fmt != 'o') {
     f9c:	4770      	bx	lr
	...

00000fa0 <stimer_init>:
     fa0:	b580      	push	{r7, lr}
     fa2:	b082      	sub	sp, #8
     fa4:	af00      	add	r7, sp, #0
							dst_buf.dat[dst_buf.pos - 2] = flag_x ? 'x' : 'X';
     fa6:	2300      	movs	r3, #0
     fa8:	607b      	str	r3, [r7, #4]
     faa:	e016      	b.n	fda <stimer_init+0x3a>
     fac:	490f      	ldr	r1, [pc, #60]	@ (fec <stimer_init+0x4c>)
     fae:	687a      	ldr	r2, [r7, #4]
     fb0:	4613      	mov	r3, r2
     fb2:	009b      	lsls	r3, r3, #2
     fb4:	4413      	add	r3, r2
     fb6:	00db      	lsls	r3, r3, #3
     fb8:	440b      	add	r3, r1
     fba:	f64f 72ff 	movw	r2, #65535	@ 0xffff
     fbe:	801a      	strh	r2, [r3, #0]
     fc0:	687a      	ldr	r2, [r7, #4]
     fc2:	4613      	mov	r3, r2
     fc4:	009b      	lsls	r3, r3, #2
     fc6:	4413      	add	r3, r2
     fc8:	00db      	lsls	r3, r3, #3
     fca:	4a08      	ldr	r2, [pc, #32]	@ (fec <stimer_init+0x4c>)
					if (p_fmt.flag & _MSL_PRINTF_FLAG_POUND) {
     fcc:	4413      	add	r3, r2
						}
					}
				} else {
					if (p_fmt.flag & _MSL_PRINTF_FLAG_POUND) {
     fce:	4618      	mov	r0, r3
     fd0:	f7ff ffc4 	bl	f5c <stimer_clear>
     fd4:	687b      	ldr	r3, [r7, #4]
     fd6:	3301      	adds	r3, #1
     fd8:	607b      	str	r3, [r7, #4]
						if (*fmt != 'o') {
     fda:	687b      	ldr	r3, [r7, #4]
     fdc:	2b1f      	cmp	r3, #31
     fde:	d9e5      	bls.n	fac <stimer_init+0xc>
     fe0:	bf00      	nop
     fe2:	bf00      	nop
     fe4:	3708      	adds	r7, #8
							dst_buf.dat[dst_buf.pos++] = flag_x ? 'x' : 'X';
     fe6:	46bd      	mov	sp, r7
     fe8:	bd80      	pop	{r7, pc}
     fea:	bf00      	nop
     fec:	1fff8150 	.word	0x1fff8150

00000ff0 <stimer_register>:
     ff0:	b580      	push	{r7, lr}
     ff2:	b084      	sub	sp, #16
     ff4:	af00      	add	r7, sp, #0
     ff6:	6078      	str	r0, [r7, #4]
     ff8:	2300      	movs	r3, #0
     ffa:	60fb      	str	r3, [r7, #12]
     ffc:	e01c      	b.n	1038 <stimer_register+0x48>
     ffe:	4912      	ldr	r1, [pc, #72]	@ (1048 <stimer_register+0x58>)
    1000:	68fa      	ldr	r2, [r7, #12]
    1002:	4613      	mov	r3, r2
    1004:	009b      	lsls	r3, r3, #2
    1006:	4413      	add	r3, r2
    1008:	00db      	lsls	r3, r3, #3
    100a:	440b      	add	r3, r1
    100c:	881b      	ldrh	r3, [r3, #0]
    100e:	f64f 72ff 	movw	r2, #65535	@ 0xffff
    1012:	4293      	cmp	r3, r2
    1014:	d10d      	bne.n	1032 <stimer_register+0x42>
    1016:	68fa      	ldr	r2, [r7, #12]
    1018:	4613      	mov	r3, r2
    101a:	009b      	lsls	r3, r3, #2
    101c:	4413      	add	r3, r2
    101e:	00db      	lsls	r3, r3, #3
						}
						dst_buf.dat[dst_buf.pos++] = '0';
    1020:	4a09      	ldr	r2, [pc, #36]	@ (1048 <stimer_register+0x58>)
    1022:	4413      	add	r3, r2
    1024:	2228      	movs	r2, #40	@ 0x28
    1026:	6879      	ldr	r1, [r7, #4]
    1028:	4618      	mov	r0, r3
    102a:	f7ff fdf5 	bl	c18 <__msl_memcpy>
    102e:	2301      	movs	r3, #1
    1030:	e006      	b.n	1040 <stimer_register+0x50>
    1032:	68fb      	ldr	r3, [r7, #12]
    1034:	3301      	adds	r3, #1
    1036:	60fb      	str	r3, [r7, #12]
    1038:	68fb      	ldr	r3, [r7, #12]
    103a:	2b1f      	cmp	r3, #31
    103c:	d9df      	bls.n	ffe <stimer_register+0xe>
    103e:	2300      	movs	r3, #0
    1040:	4618      	mov	r0, r3
    1042:	3710      	adds	r7, #16
    1044:	46bd      	mov	sp, r7
					}
					while (dst_buf.pos - head_pos < p_fmt.width) {
    1046:	bd80      	pop	{r7, pc}
						dst_buf.dat[dst_buf.pos++] = ' ';
    1048:	1fff8150 	.word	0x1fff8150

0000104c <stimer_ctrl>:
    104c:	b580      	push	{r7, lr}
    104e:	b084      	sub	sp, #16
    1050:	af00      	add	r7, sp, #0
    1052:	4603      	mov	r3, r0
    1054:	80fb      	strh	r3, [r7, #6]
    1056:	460b      	mov	r3, r1
    1058:	717b      	strb	r3, [r7, #5]
    105a:	4613      	mov	r3, r2
    105c:	713b      	strb	r3, [r7, #4]
    105e:	88fb      	ldrh	r3, [r7, #6]
    1060:	4618      	mov	r0, r3
    1062:	f7ff ff51 	bl	f08 <stimer_get_by_id>
    1066:	60f8      	str	r0, [r7, #12]
    1068:	f000 fa8c 	bl	1584 <sys_get_tick>
    106c:	4602      	mov	r2, r0
					while (dst_buf.pos - head_pos < p_fmt.width) {
    106e:	460b      	mov	r3, r1
    1070:	68f9      	ldr	r1, [r7, #12]
    1072:	e9c1 2302 	strd	r2, r3, [r1, #8]
    1076:	68fb      	ldr	r3, [r7, #12]
    1078:	2b00      	cmp	r3, #0
    107a:	d033      	beq.n	10e4 <stimer_ctrl+0x98>
    107c:	68fb      	ldr	r3, [r7, #12]
    107e:	789b      	ldrb	r3, [r3, #2]
    1080:	b25b      	sxtb	r3, r3
    1082:	2b00      	cmp	r3, #0
    1084:	da17      	bge.n	10b6 <stimer_ctrl+0x6a>
    1086:	797b      	ldrb	r3, [r7, #5]
    1088:	2b00      	cmp	r3, #0
					if (p_fmt.flag & _MSL_PRINTF_FLAG_POUND) {
    108a:	d007      	beq.n	109c <stimer_ctrl+0x50>
					}
				}
				int_inverse(&dst_buf, &p_fmt, head_pos);
    108c:	68fb      	ldr	r3, [r7, #12]
    108e:	78da      	ldrb	r2, [r3, #3]
    1090:	793b      	ldrb	r3, [r7, #4]
    1092:	4313      	orrs	r3, r2
    1094:	b2da      	uxtb	r2, r3
    1096:	68fb      	ldr	r3, [r7, #12]
    1098:	70da      	strb	r2, [r3, #3]
    109a:	e023      	b.n	10e4 <stimer_ctrl+0x98>
    109c:	68fb      	ldr	r3, [r7, #12]
				break;
    109e:	78db      	ldrb	r3, [r3, #3]
			}
			case 'c': {
				char ch;
				ch = (char)__msl_va_arg(vl, uint32_t);
    10a0:	b25a      	sxtb	r2, r3
    10a2:	f997 3004 	ldrsb.w	r3, [r7, #4]
    10a6:	43db      	mvns	r3, r3
    10a8:	b25b      	sxtb	r3, r3
    10aa:	4013      	ands	r3, r2
    10ac:	b25b      	sxtb	r3, r3
    10ae:	b2da      	uxtb	r2, r3
    10b0:	68fb      	ldr	r3, [r7, #12]
    10b2:	70da      	strb	r2, [r3, #3]
    10b4:	e016      	b.n	10e4 <stimer_ctrl+0x98>
				head_pos = dst_buf.pos;
    10b6:	797b      	ldrb	r3, [r7, #5]
    10b8:	2b00      	cmp	r3, #0
    10ba:	d007      	beq.n	10cc <stimer_ctrl+0x80>
    10bc:	68fb      	ldr	r3, [r7, #12]
    10be:	789a      	ldrb	r2, [r3, #2]
    10c0:	793b      	ldrb	r3, [r7, #4]
    10c2:	4313      	orrs	r3, r2
    10c4:	b2da      	uxtb	r2, r3
				if (p_fmt.flag & _MSL_PRINTF_FLAG_SUB) {
    10c6:	68fb      	ldr	r3, [r7, #12]
    10c8:	709a      	strb	r2, [r3, #2]
    10ca:	e00b      	b.n	10e4 <stimer_ctrl+0x98>
    10cc:	68fb      	ldr	r3, [r7, #12]
    10ce:	789b      	ldrb	r3, [r3, #2]
    10d0:	b25a      	sxtb	r2, r3
					dst_buf.dat[dst_buf.pos++] = ch;
    10d2:	f997 3004 	ldrsb.w	r3, [r7, #4]
    10d6:	43db      	mvns	r3, r3
    10d8:	b25b      	sxtb	r3, r3
    10da:	4013      	ands	r3, r2
    10dc:	b25b      	sxtb	r3, r3
    10de:	b2da      	uxtb	r2, r3
    10e0:	68fb      	ldr	r3, [r7, #12]
    10e2:	709a      	strb	r2, [r3, #2]
    10e4:	bf00      	nop
    10e6:	3710      	adds	r7, #16
    10e8:	46bd      	mov	sp, r7
    10ea:	bd80      	pop	{r7, pc}

000010ec <stimer_poll>:
    10ec:	e92d 43b0 	stmdb	sp!, {r4, r5, r7, r8, r9, lr}
    10f0:	b082      	sub	sp, #8
    10f2:	af00      	add	r7, sp, #0
    10f4:	2300      	movs	r3, #0
    10f6:	607b      	str	r3, [r7, #4]
    10f8:	e066      	b.n	11c8 <stimer_poll+0xdc>
					while (dst_buf.pos - head_pos < p_fmt.width) {
    10fa:	687a      	ldr	r2, [r7, #4]
						dst_buf.dat[dst_buf.pos++] = ' ';
    10fc:	4613      	mov	r3, r2
    10fe:	009b      	lsls	r3, r3, #2
    1100:	4413      	add	r3, r2
    1102:	00db      	lsls	r3, r3, #3
    1104:	4a35      	ldr	r2, [pc, #212]	@ (11dc <stimer_poll+0xf0>)
    1106:	4413      	add	r3, r2
    1108:	603b      	str	r3, [r7, #0]
    110a:	683b      	ldr	r3, [r7, #0]
    110c:	789b      	ldrb	r3, [r3, #2]
    110e:	f003 0301 	and.w	r3, r3, #1
    1112:	2b00      	cmp	r3, #0
    1114:	d055      	beq.n	11c2 <stimer_poll+0xd6>
    1116:	683b      	ldr	r3, [r7, #0]
    1118:	789a      	ldrb	r2, [r3, #2]
    111a:	683b      	ldr	r3, [r7, #0]
    111c:	70da      	strb	r2, [r3, #3]
    111e:	683b      	ldr	r3, [r7, #0]
    1120:	789b      	ldrb	r3, [r3, #2]
					while (dst_buf.pos - head_pos < p_fmt.width) {
    1122:	f063 037f 	orn	r3, r3, #127	@ 0x7f
    1126:	b2da      	uxtb	r2, r3
    1128:	683b      	ldr	r3, [r7, #0]
    112a:	709a      	strb	r2, [r3, #2]
    112c:	f000 fa2a 	bl	1584 <sys_get_tick>
    1130:	4602      	mov	r2, r0
    1132:	460b      	mov	r3, r1
    1134:	6839      	ldr	r1, [r7, #0]
    1136:	e9c1 2304 	strd	r2, r3, [r1, #16]
    113a:	683b      	ldr	r3, [r7, #0]
					while (dst_buf.pos - head_pos < p_fmt.width) {
						dst_buf.dat[dst_buf.pos++] = ' ';
					}
					dst_buf.dat[dst_buf.pos++] = ch;
				}	
				break;
    113c:	e9d3 0104 	ldrd	r0, r1, [r3, #16]
					if (p_fmt.width > 0) {
    1140:	683b      	ldr	r3, [r7, #0]
    1142:	e9d3 2302 	ldrd	r2, r3, [r3, #8]
						p_fmt.width -= 1;
    1146:	1a84      	subs	r4, r0, r2
    1148:	eb61 0503 	sbc.w	r5, r1, r3
    114c:	683b      	ldr	r3, [r7, #0]
    114e:	699b      	ldr	r3, [r3, #24]
					while (dst_buf.pos - head_pos < p_fmt.width) {
    1150:	2200      	movs	r2, #0
						dst_buf.dat[dst_buf.pos++] = ' ';
    1152:	4698      	mov	r8, r3
    1154:	4691      	mov	r9, r2
    1156:	4544      	cmp	r4, r8
    1158:	eb75 0309 	sbcs.w	r3, r5, r9
    115c:	d315      	bcc.n	118a <stimer_poll+0x9e>
    115e:	683b      	ldr	r3, [r7, #0]
    1160:	6a1b      	ldr	r3, [r3, #32]
    1162:	4798      	blx	r3
    1164:	683b      	ldr	r3, [r7, #0]
    1166:	e9d3 2304 	ldrd	r2, r3, [r3, #16]
    116a:	6839      	ldr	r1, [r7, #0]
    116c:	e9c1 2302 	strd	r2, r3, [r1, #8]
    1170:	683b      	ldr	r3, [r7, #0]
    1172:	789b      	ldrb	r3, [r3, #2]
    1174:	f003 0302 	and.w	r3, r3, #2
					while (dst_buf.pos - head_pos < p_fmt.width) {
    1178:	2b00      	cmp	r3, #0
    117a:	d106      	bne.n	118a <stimer_poll+0x9e>
    117c:	683b      	ldr	r3, [r7, #0]
    117e:	789b      	ldrb	r3, [r3, #2]
    1180:	f023 0301 	bic.w	r3, r3, #1
    1184:	b2da      	uxtb	r2, r3
    1186:	683b      	ldr	r3, [r7, #0]
    1188:	709a      	strb	r2, [r3, #2]
    118a:	683b      	ldr	r3, [r7, #0]
    118c:	789b      	ldrb	r3, [r3, #2]
    118e:	f003 037f 	and.w	r3, r3, #127	@ 0x7f
					dst_buf.dat[dst_buf.pos++] = ch;
    1192:	b2da      	uxtb	r2, r3
    1194:	683b      	ldr	r3, [r7, #0]
    1196:	709a      	strb	r2, [r3, #2]
    1198:	683b      	ldr	r3, [r7, #0]
    119a:	789b      	ldrb	r3, [r3, #2]
    119c:	f003 0340 	and.w	r3, r3, #64	@ 0x40
    11a0:	2b00      	cmp	r3, #0
    11a2:	d00e      	beq.n	11c2 <stimer_poll+0xd6>
    11a4:	683b      	ldr	r3, [r7, #0]
    11a6:	78da      	ldrb	r2, [r3, #3]
    11a8:	683b      	ldr	r3, [r7, #0]
    11aa:	709a      	strb	r2, [r3, #2]
    11ac:	683b      	ldr	r3, [r7, #0]
    11ae:	69da      	ldr	r2, [r3, #28]
    11b0:	683b      	ldr	r3, [r7, #0]
    11b2:	619a      	str	r2, [r3, #24]
    11b4:	683b      	ldr	r3, [r7, #0]
    11b6:	789b      	ldrb	r3, [r3, #2]
    11b8:	f023 0340 	bic.w	r3, r3, #64	@ 0x40
				uint64_t fraction_2_int;
				uint32_t integer;
				uint32_t d_d_h, d_d_l;
				uint16_t point;

				head_pos = dst_buf.pos;
    11bc:	b2da      	uxtb	r2, r3
    11be:	683b      	ldr	r3, [r7, #0]
    11c0:	709a      	strb	r2, [r3, #2]
    11c2:	687b      	ldr	r3, [r7, #4]
    11c4:	3301      	adds	r3, #1
    11c6:	607b      	str	r3, [r7, #4]
    11c8:	687b      	ldr	r3, [r7, #4]
    11ca:	2b1f      	cmp	r3, #31
				d_d = __msl_va_arg(vl, uint64_t);
    11cc:	d995      	bls.n	10fa <stimer_poll+0xe>
    11ce:	bf00      	nop
    11d0:	bf00      	nop
    11d2:	3708      	adds	r7, #8
    11d4:	46bd      	mov	sp, r7
    11d6:	e8bd 83b0 	ldmia.w	sp!, {r4, r5, r7, r8, r9, pc}
    11da:	bf00      	nop
    11dc:	1fff8150 	.word	0x1fff8150

000011e0 <__NVIC_SetPriorityGrouping>:
    11e0:	b480      	push	{r7}
				d_d_l = *((uint32_t *)&d_d);
    11e2:	b085      	sub	sp, #20
    11e4:	af00      	add	r7, sp, #0
    11e6:	6078      	str	r0, [r7, #4]
    11e8:	687b      	ldr	r3, [r7, #4]
				d_d_h = *(((uint32_t *)&d_d) + 1);
    11ea:	f003 0307 	and.w	r3, r3, #7
    11ee:	60fb      	str	r3, [r7, #12]
    11f0:	4b0c      	ldr	r3, [pc, #48]	@ (1224 <__NVIC_SetPriorityGrouping+0x44>)
    11f2:	68db      	ldr	r3, [r3, #12]
    11f4:	60bb      	str	r3, [r7, #8]
    11f6:	68ba      	ldr	r2, [r7, #8]

				f = (d_d_h & 0x80000000) ? 1 : 0;
    11f8:	f64f 03ff 	movw	r3, #63743	@ 0xf8ff
    11fc:	4013      	ands	r3, r2
    11fe:	60bb      	str	r3, [r7, #8]
    1200:	68fb      	ldr	r3, [r7, #12]
				point = (d_d_h & 0x7ffffffff) >> 20;
    1202:	021a      	lsls	r2, r3, #8
    1204:	68bb      	ldr	r3, [r7, #8]
    1206:	4313      	orrs	r3, r2
    1208:	f043 63bf 	orr.w	r3, r3, #100139008	@ 0x5f80000
    120c:	f443 3300 	orr.w	r3, r3, #131072	@ 0x20000
    1210:	60bb      	str	r3, [r7, #8]
    1212:	4a04      	ldr	r2, [pc, #16]	@ (1224 <__NVIC_SetPriorityGrouping+0x44>)
    1214:	68bb      	ldr	r3, [r7, #8]
    1216:	60d3      	str	r3, [r2, #12]
    1218:	bf00      	nop
    121a:	3714      	adds	r7, #20
    121c:	46bd      	mov	sp, r7
    121e:	f85d 7b04 	ldr.w	r7, [sp], #4

				break;
    1222:	4770      	bx	lr
			}
			case '%':
				dst_buf.dat[dst_buf.pos++] = '%';
    1224:	e000ed00 	.word	0xe000ed00

00001228 <__NVIC_EnableIRQ>:
    1228:	b480      	push	{r7}
    122a:	b083      	sub	sp, #12
    122c:	af00      	add	r7, sp, #0
    122e:	4603      	mov	r3, r0
    1230:	80fb      	strh	r3, [r7, #6]
    1232:	f9b7 3006 	ldrsh.w	r3, [r7, #6]
    1236:	2b00      	cmp	r3, #0
    1238:	db0b      	blt.n	1252 <__NVIC_EnableIRQ+0x2a>
    123a:	88fb      	ldrh	r3, [r7, #6]
    123c:	f003 021f 	and.w	r2, r3, #31
    1240:	4907      	ldr	r1, [pc, #28]	@ (1260 <__NVIC_EnableIRQ+0x38>)
    1242:	f9b7 3006 	ldrsh.w	r3, [r7, #6]
    1246:	095b      	lsrs	r3, r3, #5
    1248:	2001      	movs	r0, #1
				break;
    124a:	fa00 f202 	lsl.w	r2, r0, r2
			case 'p': {
				head_pos = dst_buf.pos;
    124e:	f841 2023 	str.w	r2, [r1, r3, lsl #2]
    1252:	bf00      	nop
    1254:	370c      	adds	r7, #12
    1256:	46bd      	mov	sp, r7
    1258:	f85d 7b04 	ldr.w	r7, [sp], #4
#if defined(__MSL_SYSTEM_BIT_32)
				uint32_t addr;
				addr = (uint32_t)__msl_va_arg(vl, void *);
    125c:	4770      	bx	lr
    125e:	bf00      	nop
    1260:	e000e100 	.word	0xe000e100

00001264 <__NVIC_SetPriority>:
    1264:	b480      	push	{r7}
    1266:	b083      	sub	sp, #12
    1268:	af00      	add	r7, sp, #0
    126a:	4603      	mov	r3, r0
    126c:	6039      	str	r1, [r7, #0]
    126e:	80fb      	strh	r3, [r7, #6]
    1270:	f9b7 3006 	ldrsh.w	r3, [r7, #6]
				f = 0;
    1274:	2b00      	cmp	r3, #0
    1276:	db0a      	blt.n	128e <__NVIC_SetPriority+0x2a>
#elif defined(__MSL_SYSTEM_BIT_64)
				__msl_uint64_t addr;
				addr = (__msl_uint64_t)__msl_va_arg(vl, void *);
				f = 1;
#endif
				while (addr != 0) {
    1278:	683b      	ldr	r3, [r7, #0]
					dst_buf.dat[dst_buf.pos++] = hex_char[addr % 16];
    127a:	b2da      	uxtb	r2, r3
    127c:	490c      	ldr	r1, [pc, #48]	@ (12b0 <__NVIC_SetPriority+0x4c>)
    127e:	f9b7 3006 	ldrsh.w	r3, [r7, #6]
    1282:	0112      	lsls	r2, r2, #4
    1284:	b2d2      	uxtb	r2, r2
    1286:	440b      	add	r3, r1
    1288:	f883 2300 	strb.w	r2, [r3, #768]	@ 0x300
    128c:	e00a      	b.n	12a4 <__NVIC_SetPriority+0x40>
    128e:	683b      	ldr	r3, [r7, #0]
    1290:	b2da      	uxtb	r2, r3
    1292:	4908      	ldr	r1, [pc, #32]	@ (12b4 <__NVIC_SetPriority+0x50>)
    1294:	88fb      	ldrh	r3, [r7, #6]
    1296:	f003 030f 	and.w	r3, r3, #15
    129a:	3b04      	subs	r3, #4
    129c:	0112      	lsls	r2, r2, #4
    129e:	b2d2      	uxtb	r2, r2
    12a0:	440b      	add	r3, r1
    12a2:	761a      	strb	r2, [r3, #24]
    12a4:	bf00      	nop
    12a6:	370c      	adds	r7, #12
    12a8:	46bd      	mov	sp, r7
    12aa:	f85d 7b04 	ldr.w	r7, [sp], #4
					addr = addr >> 4;
    12ae:	4770      	bx	lr
    12b0:	e000e100 	.word	0xe000e100
    12b4:	e000ed00 	.word	0xe000ed00

000012b8 <sys_set_delay_clk>:
				while (addr != 0) {
    12b8:	b480      	push	{r7}
    12ba:	b083      	sub	sp, #12
    12bc:	af00      	add	r7, sp, #0
				}
				uint8_t w_b = f ? 16 : 8;
    12be:	6078      	str	r0, [r7, #4]
    12c0:	687b      	ldr	r3, [r7, #4]
    12c2:	099b      	lsrs	r3, r3, #6
    12c4:	4a05      	ldr	r2, [pc, #20]	@ (12dc <sys_set_delay_clk+0x24>)
    12c6:	fba2 2303 	umull	r2, r3, r2, r3
    12ca:	0adb      	lsrs	r3, r3, #11
    12cc:	4a04      	ldr	r2, [pc, #16]	@ (12e0 <sys_set_delay_clk+0x28>)
    12ce:	6013      	str	r3, [r2, #0]
				while (dst_buf.pos - head_pos < w_b) {
    12d0:	bf00      	nop
					dst_buf.dat[dst_buf.pos++] = '0';
    12d2:	370c      	adds	r7, #12
    12d4:	46bd      	mov	sp, r7
    12d6:	f85d 7b04 	ldr.w	r7, [sp], #4
    12da:	4770      	bx	lr
    12dc:	023ca98d 	.word	0x023ca98d
    12e0:	1fff8658 	.word	0x1fff8658

000012e4 <_sys_delay_us>:
    12e4:	b480      	push	{r7}
    12e6:	b085      	sub	sp, #20
    12e8:	af00      	add	r7, sp, #0
    12ea:	6078      	str	r0, [r7, #4]
    12ec:	4b09      	ldr	r3, [pc, #36]	@ (1314 <_sys_delay_us+0x30>)
    12ee:	681a      	ldr	r2, [r3, #0]
    12f0:	687b      	ldr	r3, [r7, #4]
    12f2:	fb02 f303 	mul.w	r3, r2, r3
    12f6:	60fb      	str	r3, [r7, #12]
				while (dst_buf.pos - head_pos < w_b) {
    12f8:	bf00      	nop
    12fa:	68fb      	ldr	r3, [r7, #12]
    12fc:	1e5a      	subs	r2, r3, #1
    12fe:	60fa      	str	r2, [r7, #12]
    1300:	2b00      	cmp	r3, #0
    1302:	d1fa      	bne.n	12fa <_sys_delay_us+0x16>
    1304:	bf00      	nop
    1306:	bf00      	nop
    1308:	3714      	adds	r7, #20
    130a:	46bd      	mov	sp, r7
    130c:	f85d 7b04 	ldr.w	r7, [sp], #4
    1310:	4770      	bx	lr
				}
				int_inverse(&dst_buf, &p_fmt, head_pos);
    1312:	bf00      	nop
    1314:	1fff8658 	.word	0x1fff8658

00001318 <sys_clk_init>:
    1318:	b580      	push	{r7, lr}
    131a:	af00      	add	r7, sp, #0
    131c:	4b3c      	ldr	r3, [pc, #240]	@ (1410 <sys_clk_init+0xf8>)
    131e:	f503 4340 	add.w	r3, r3, #49152	@ 0xc000
    1322:	f24a 520f 	movw	r2, #42255	@ 0xa50f
				break;
			}
			case 'n': {
				int32_t *p;
				p = __msl_va_arg(vl, int32_t *);
    1326:	f8a3 23fe 	strh.w	r2, [r3, #1022]	@ 0x3fe
    132a:	4b39      	ldr	r3, [pc, #228]	@ (1410 <sys_clk_init+0xf8>)
    132c:	4a39      	ldr	r2, [pc, #228]	@ (1414 <sys_clk_init+0xfc>)
    132e:	611a      	str	r2, [r3, #16]
    1330:	4b37      	ldr	r3, [pc, #220]	@ (1410 <sys_clk_init+0xf8>)
    1332:	4a39      	ldr	r2, [pc, #228]	@ (1418 <sys_clk_init+0x100>)
    1334:	601a      	str	r2, [r3, #0]
    1336:	4b36      	ldr	r3, [pc, #216]	@ (1410 <sys_clk_init+0xf8>)
    1338:	4a38      	ldr	r2, [pc, #224]	@ (141c <sys_clk_init+0x104>)
    133a:	611a      	str	r2, [r3, #16]
				*p = dst_buf.pos;
    133c:	4b38      	ldr	r3, [pc, #224]	@ (1420 <sys_clk_init+0x108>)
    133e:	4a39      	ldr	r2, [pc, #228]	@ (1424 <sys_clk_init+0x10c>)
    1340:	621a      	str	r2, [r3, #32]
    1342:	4b37      	ldr	r3, [pc, #220]	@ (1420 <sys_clk_init+0x108>)
    1344:	2201      	movs	r2, #1
    1346:	f883 2032 	strb.w	r2, [r3, #50]	@ 0x32
    134a:	4b35      	ldr	r3, [pc, #212]	@ (1420 <sys_clk_init+0x108>)
    134c:	22a0      	movs	r2, #160	@ 0xa0
    134e:	f883 2410 	strb.w	r2, [r3, #1040]	@ 0x410
				break;
			}
			default:
				dst_buf.dat[dst_buf.pos++] = (uint8_t)*fmt;	
    1352:	4b33      	ldr	r3, [pc, #204]	@ (1420 <sys_clk_init+0x108>)
    1354:	2200      	movs	r2, #0
    1356:	f883 2032 	strb.w	r2, [r3, #50]	@ 0x32
    135a:	4b33      	ldr	r3, [pc, #204]	@ (1428 <sys_clk_init+0x110>)
    135c:	2277      	movs	r2, #119	@ 0x77
    135e:	605a      	str	r2, [r3, #4]
    1360:	4b31      	ldr	r3, [pc, #196]	@ (1428 <sys_clk_init+0x110>)
    1362:	f04f 3211 	mov.w	r2, #286331153	@ 0x11111111
    1366:	601a      	str	r2, [r3, #0]
    1368:	4b2f      	ldr	r3, [pc, #188]	@ (1428 <sys_clk_init+0x110>)
    136a:	2276      	movs	r2, #118	@ 0x76
    136c:	605a      	str	r2, [r3, #4]
    136e:	4b2f      	ldr	r3, [pc, #188]	@ (142c <sys_clk_init+0x114>)
    1370:	f240 1223 	movw	r2, #291	@ 0x123
    1374:	601a      	str	r2, [r3, #0]
    1376:	4b2d      	ldr	r3, [pc, #180]	@ (142c <sys_clk_init+0x114>)
    1378:	f243 2210 	movw	r2, #12816	@ 0x3210
    137c:	601a      	str	r2, [r3, #0]
    137e:	4b2c      	ldr	r3, [pc, #176]	@ (1430 <sys_clk_init+0x118>)
				if (dst_buf.pos >= __MSL_PRINTF_BUF_MAX)
    1380:	2200      	movs	r2, #0
    1382:	f8c3 2120 	str.w	r2, [r3, #288]	@ 0x120
    1386:	4b29      	ldr	r3, [pc, #164]	@ (142c <sys_clk_init+0x114>)
    1388:	689b      	ldr	r3, [r3, #8]
    138a:	4a28      	ldr	r2, [pc, #160]	@ (142c <sys_clk_init+0x114>)
    138c:	f023 03f0 	bic.w	r3, r3, #240	@ 0xf0
					goto a2;
    1390:	6093      	str	r3, [r2, #8]
				break;
			}
		} else {
			dst_buf.dat[dst_buf.pos++] = (uint8_t)*fmt;	
    1392:	4b26      	ldr	r3, [pc, #152]	@ (142c <sys_clk_init+0x114>)
    1394:	689b      	ldr	r3, [r3, #8]
    1396:	4a25      	ldr	r2, [pc, #148]	@ (142c <sys_clk_init+0x114>)
    1398:	f043 0350 	orr.w	r3, r3, #80	@ 0x50
    139c:	6093      	str	r3, [r2, #8]
    139e:	4b23      	ldr	r3, [pc, #140]	@ (142c <sys_clk_init+0x114>)
    13a0:	f242 2222 	movw	r2, #8738	@ 0x2222
    13a4:	601a      	str	r2, [r3, #0]
    13a6:	4b1a      	ldr	r3, [pc, #104]	@ (1410 <sys_clk_init+0xf8>)
    13a8:	f503 4340 	add.w	r3, r3, #49152	@ 0xc000
    13ac:	220f      	movs	r2, #15
    13ae:	f883 2402 	strb.w	r2, [r3, #1026]	@ 0x402
    13b2:	4b17      	ldr	r3, [pc, #92]	@ (1410 <sys_clk_init+0xf8>)
    13b4:	f503 4340 	add.w	r3, r3, #49152	@ 0xc000
    13b8:	2210      	movs	r2, #16
    13ba:	f883 240f 	strb.w	r2, [r3, #1039]	@ 0x40f
    13be:	481d      	ldr	r0, [pc, #116]	@ (1434 <sys_clk_init+0x11c>)
			if (dst_buf.pos >= __MSL_PRINTF_BUF_MAX)
    13c0:	f7ff ff7a 	bl	12b8 <sys_set_delay_clk>
    13c4:	f44f 707a 	mov.w	r0, #1000	@ 0x3e8
    13c8:	f7ff ff8c 	bl	12e4 <_sys_delay_us>
    13cc:	4b14      	ldr	r3, [pc, #80]	@ (1420 <sys_clk_init+0x108>)
    13ce:	2201      	movs	r2, #1
    13d0:	f883 202a 	strb.w	r2, [r3, #42]	@ 0x2a
				if (!tmp_len) break;
    13d4:	4b12      	ldr	r3, [pc, #72]	@ (1420 <sys_clk_init+0x108>)
				break;
    13d6:	4a18      	ldr	r2, [pc, #96]	@ (1438 <sys_clk_init+0x120>)
    13d8:	f8c3 2100 	str.w	r2, [r3, #256]	@ 0x100
				break;
		}
		fmt++;
    13dc:	4b10      	ldr	r3, [pc, #64]	@ (1420 <sys_clk_init+0x108>)
    13de:	2200      	movs	r2, #0
    13e0:	f883 202a 	strb.w	r2, [r3, #42]	@ 0x2a
    13e4:	bf00      	nop
	while (*fmt) {
    13e6:	4b0e      	ldr	r3, [pc, #56]	@ (1420 <sys_clk_init+0x108>)
    13e8:	f893 303c 	ldrb.w	r3, [r3, #60]	@ 0x3c
    13ec:	b2db      	uxtb	r3, r3
    13ee:	f003 0328 	and.w	r3, r3, #40	@ 0x28
    13f2:	2b00      	cmp	r3, #0
	}
a2:	p = dst_buf.dat;
    13f4:	d0f7      	beq.n	13e6 <sys_clk_init+0xce>
				break;
    13f6:	4b0a      	ldr	r3, [pc, #40]	@ (1420 <sys_clk_init+0x108>)
a2:	p = dst_buf.dat;
    13f8:	2205      	movs	r2, #5
    13fa:	f883 2026 	strb.w	r2, [r3, #38]	@ 0x26
    13fe:	4b04      	ldr	r3, [pc, #16]	@ (1410 <sys_clk_init+0xf8>)
	// drv_uart_tx_start((u8 *)p, dst_buf.pos);
	p[dst_buf.pos] = '\0';
    1400:	f503 4340 	add.w	r3, r3, #49152	@ 0xc000
    1404:	f44f 4225 	mov.w	r2, #42240	@ 0xa500
    1408:	f8a3 23fe 	strh.w	r2, [r3, #1022]	@ 0x3fe
    140c:	bf00      	nop
    140e:	bd80      	pop	{r7, pc}
    1410:	40048000 	.word	0x40048000
    1414:	a5a50001 	.word	0xa5a50001
	__mslex_usart_write(p);
    1418:	fefdfaee 	.word	0xfefdfaee
    141c:	a5a50000 	.word	0xa5a50000
	__msl_va_end(vl);
    1420:	40054000 	.word	0x40054000
}
    1424:	00112211 	.word	0x00112211
    1428:	40050800 	.word	0x40050800
    142c:	40010400 	.word	0x40010400
    1430:	42208000 	.word	0x42208000
    1434:	007a1200 	.word	0x007a1200
	while ((CM_CMU->OSCSTBSR & 0x00000028u) == 0){}
	
	CM_CMU->CKSWR = 0x05u;

	CM_PWC->FPRC = 0xa500u;
}
    1438:	11103100 	.word	0x11103100

0000143c <IRQ038_Handler>:

void IRQ038_Handler(void)
{
    143c:	b480      	push	{r7}
    143e:	af00      	add	r7, sp, #0
	if (bCM_DCU1->FLAG_b.FLAG_OP == 1) {
    1440:	490a      	ldr	r1, [pc, #40]	@ (146c <IRQ038_Handler+0x30>)
    1442:	f8d1 1080 	ldr.w	r1, [r1, #128]	@ 0x80
    1446:	2901      	cmp	r1, #1
    1448:	d10b      	bne.n	1462 <IRQ038_Handler+0x26>
		sys_tick_msb += 0x0000000100000000u;
    144a:	4909      	ldr	r1, [pc, #36]	@ (1470 <IRQ038_Handler+0x34>)
    144c:	e9d1 0100 	ldrd	r0, r1, [r1]
    1450:	1c4b      	adds	r3, r1, #1
    1452:	4602      	mov	r2, r0
    1454:	4906      	ldr	r1, [pc, #24]	@ (1470 <IRQ038_Handler+0x34>)
    1456:	e9c1 2300 	strd	r2, r3, [r1]
		bCM_DCU1->FLAGCLR_b.CLR_OP = 1;
    145a:	4b04      	ldr	r3, [pc, #16]	@ (146c <IRQ038_Handler+0x30>)
    145c:	2201      	movs	r2, #1
    145e:	f8c3 2280 	str.w	r2, [r3, #640]	@ 0x280
	}
}
    1462:	bf00      	nop
    1464:	46bd      	mov	sp, r7
    1466:	f85d 7b04 	ldr.w	r7, [sp], #4
    146a:	4770      	bx	lr
    146c:	42a40000 	.word	0x42a40000
    1470:	1fff8650 	.word	0x1fff8650

00001474 <sys_tick_init>:

void sys_tick_init(void)
{
    1474:	b580      	push	{r7, lr}
    1476:	af00      	add	r7, sp, #0
	CM_PWC->FCG2 &= 0xfffffffeu;
    1478:	4b1a      	ldr	r3, [pc, #104]	@ (14e4 <sys_tick_init+0x70>)
    147a:	689b      	ldr	r3, [r3, #8]
    147c:	4a19      	ldr	r2, [pc, #100]	@ (14e4 <sys_tick_init+0x70>)
    147e:	f023 0301 	bic.w	r3, r3, #1
    1482:	6093      	str	r3, [r2, #8]

	CM_AOS->TMR0_TRGSEL = EVT_SRC_TMR0_1_CMP_A | 0x00000000u;
    1484:	4b18      	ldr	r3, [pc, #96]	@ (14e8 <sys_tick_init+0x74>)
    1486:	2240      	movs	r2, #64	@ 0x40
    1488:	641a      	str	r2, [r3, #64]	@ 0x40
	CM_TMR0_1->CNTAR = 0x00000000u;
    148a:	4b18      	ldr	r3, [pc, #96]	@ (14ec <sys_tick_init+0x78>)
    148c:	2200      	movs	r2, #0
    148e:	601a      	str	r2, [r3, #0]
	CM_TMR0_1->CMPAR = 10000u;
    1490:	4b16      	ldr	r3, [pc, #88]	@ (14ec <sys_tick_init+0x78>)
    1492:	f242 7210 	movw	r2, #10000	@ 0x2710
    1496:	609a      	str	r2, [r3, #8]
	CM_TMR0_1->BCONR = 0x00004000u;
    1498:	4b14      	ldr	r3, [pc, #80]	@ (14ec <sys_tick_init+0x78>)
    149a:	f44f 4280 	mov.w	r2, #16384	@ 0x4000
    149e:	611a      	str	r2, [r3, #16]
	
	CM_INTC->SEL38 = INT_SRC_DCU1;
    14a0:	4b13      	ldr	r3, [pc, #76]	@ (14f0 <sys_tick_init+0x7c>)
    14a2:	2237      	movs	r2, #55	@ 0x37
    14a4:	f8c3 20f4 	str.w	r2, [r3, #244]	@ 0xf4
	NVIC_SetPriority(INT038_IRQn, INT_PRIORITY_SYSTICK);
    14a8:	2100      	movs	r1, #0
    14aa:	2026      	movs	r0, #38	@ 0x26
    14ac:	f7ff feda 	bl	1264 <__NVIC_SetPriority>
	NVIC_EnableIRQ(INT038_IRQn);
    14b0:	2026      	movs	r0, #38	@ 0x26
    14b2:	f7ff feb9 	bl	1228 <__NVIC_EnableIRQ>
	CM_AOS->DCU_TRGSEL1 = EVT_SRC_TMR0_1_CMP_A | 0x00000000u;
    14b6:	4b0c      	ldr	r3, [pc, #48]	@ (14e8 <sys_tick_init+0x74>)
    14b8:	2240      	movs	r2, #64	@ 0x40
    14ba:	605a      	str	r2, [r3, #4]
	CM_DCU1->DATA0 = 0xffff0000u;
    14bc:	4b0d      	ldr	r3, [pc, #52]	@ (14f4 <sys_tick_init+0x80>)
    14be:	4a0e      	ldr	r2, [pc, #56]	@ (14f8 <sys_tick_init+0x84>)
    14c0:	609a      	str	r2, [r3, #8]
	CM_DCU1->DATA1 = 0x00000001u;
    14c2:	4b0c      	ldr	r3, [pc, #48]	@ (14f4 <sys_tick_init+0x80>)
    14c4:	2201      	movs	r2, #1
    14c6:	60da      	str	r2, [r3, #12]
	CM_DCU1->CTL = 0x80000013u;
    14c8:	4b0a      	ldr	r3, [pc, #40]	@ (14f4 <sys_tick_init+0x80>)
    14ca:	4a0c      	ldr	r2, [pc, #48]	@ (14fc <sys_tick_init+0x88>)
    14cc:	601a      	str	r2, [r3, #0]
	CM_DCU1->INTEVTSEL = 0x00000001u;
    14ce:	4b09      	ldr	r3, [pc, #36]	@ (14f4 <sys_tick_init+0x80>)
    14d0:	2201      	movs	r2, #1
    14d2:	619a      	str	r2, [r3, #24]
	
	CM_TMR0_1->BCONR |= 0x00000001u;
    14d4:	4b05      	ldr	r3, [pc, #20]	@ (14ec <sys_tick_init+0x78>)
    14d6:	691b      	ldr	r3, [r3, #16]
    14d8:	4a04      	ldr	r2, [pc, #16]	@ (14ec <sys_tick_init+0x78>)
    14da:	f043 0301 	orr.w	r3, r3, #1
    14de:	6113      	str	r3, [r2, #16]
}
    14e0:	bf00      	nop
    14e2:	bd80      	pop	{r7, pc}
    14e4:	40048000 	.word	0x40048000
    14e8:	40010800 	.word	0x40010800
    14ec:	40024000 	.word	0x40024000
    14f0:	40051000 	.word	0x40051000
    14f4:	40052000 	.word	0x40052000
    14f8:	ffff0000 	.word	0xffff0000
    14fc:	80000013 	.word	0x80000013

00001500 <sys_init>:

void sys_init(void)
{
    1500:	b580      	push	{r7, lr}
    1502:	af00      	add	r7, sp, #0
#if (__FPU_PRESENT == 1) && (__FPU_USED == 1)
	SCB->CPACR |= ((3UL << 20) | (3UL << 22));
    1504:	4b0a      	ldr	r3, [pc, #40]	@ (1530 <sys_init+0x30>)
    1506:	f8d3 3088 	ldr.w	r3, [r3, #136]	@ 0x88
    150a:	4a09      	ldr	r2, [pc, #36]	@ (1530 <sys_init+0x30>)
    150c:	f443 0370 	orr.w	r3, r3, #15728640	@ 0xf00000
    1510:	f8c2 3088 	str.w	r3, [r2, #136]	@ 0x88
#endif

	sys_clk_init();
    1514:	f7ff ff00 	bl	1318 <sys_clk_init>
	SCB->VTOR = NVIC_VectTab_FLASH;
    1518:	4b05      	ldr	r3, [pc, #20]	@ (1530 <sys_init+0x30>)
    151a:	2200      	movs	r2, #0
    151c:	609a      	str	r2, [r3, #8]
	NVIC_SetPriorityGrouping(NVIC_PriorityGroup_4);
    151e:	f44f 7040 	mov.w	r0, #768	@ 0x300
    1522:	f7ff fe5d 	bl	11e0 <__NVIC_SetPriorityGrouping>
	sys_tick_init();
    1526:	f7ff ffa5 	bl	1474 <sys_tick_init>
}
    152a:	bf00      	nop
    152c:	bd80      	pop	{r7, pc}
    152e:	bf00      	nop
    1530:	e000ed00 	.word	0xe000ed00

00001534 <sys_delay_ms>:

void sys_delay_ms(uint32_t ms)
{
    1534:	e92d 43b0 	stmdb	sp!, {r4, r5, r7, r8, r9, lr}
    1538:	b086      	sub	sp, #24
    153a:	af00      	add	r7, sp, #0
    153c:	6078      	str	r0, [r7, #4]
	uint64_t now;
	uint64_t e;
	
	now = sys_get_tick();
    153e:	f000 f821 	bl	1584 <sys_get_tick>
    1542:	e9c7 0104 	strd	r0, r1, [r7, #16]
	e = ms * 10;
    1546:	687a      	ldr	r2, [r7, #4]
    1548:	4613      	mov	r3, r2
    154a:	009b      	lsls	r3, r3, #2
    154c:	4413      	add	r3, r2
    154e:	005b      	lsls	r3, r3, #1
    1550:	461a      	mov	r2, r3
    1552:	2300      	movs	r3, #0
    1554:	4690      	mov	r8, r2
    1556:	4699      	mov	r9, r3
    1558:	e9c7 8902 	strd	r8, r9, [r7, #8]
	for (;;) {
		if ((sys_get_tick() - now) >= e) {
    155c:	f000 f812 	bl	1584 <sys_get_tick>
    1560:	e9d7 2304 	ldrd	r2, r3, [r7, #16]
    1564:	1a84      	subs	r4, r0, r2
    1566:	eb61 0503 	sbc.w	r5, r1, r3
    156a:	e9d7 2302 	ldrd	r2, r3, [r7, #8]
    156e:	4294      	cmp	r4, r2
    1570:	eb75 0303 	sbcs.w	r3, r5, r3
    1574:	d200      	bcs.n	1578 <sys_delay_ms+0x44>
    1576:	e7f1      	b.n	155c <sys_delay_ms+0x28>
			break;
    1578:	bf00      	nop
		}
	}
}
    157a:	bf00      	nop
    157c:	3718      	adds	r7, #24
    157e:	46bd      	mov	sp, r7
    1580:	e8bd 83b0 	ldmia.w	sp!, {r4, r5, r7, r8, r9, pc}

00001584 <sys_get_tick>:

uint64_t sys_get_tick(void)
{
    1584:	b4b0      	push	{r4, r5, r7}
    1586:	af00      	add	r7, sp, #0
	return sys_tick_msb | CM_DCU1->DATA0;
    1588:	4909      	ldr	r1, [pc, #36]	@ (15b0 <sys_get_tick+0x2c>)
    158a:	6889      	ldr	r1, [r1, #8]
    158c:	2000      	movs	r0, #0
    158e:	460a      	mov	r2, r1
    1590:	4603      	mov	r3, r0
    1592:	4908      	ldr	r1, [pc, #32]	@ (15b4 <sys_get_tick+0x30>)
    1594:	e9d1 0100 	ldrd	r0, r1, [r1]
    1598:	ea42 0400 	orr.w	r4, r2, r0
    159c:	ea43 0501 	orr.w	r5, r3, r1
    15a0:	4622      	mov	r2, r4
    15a2:	462b      	mov	r3, r5
}
    15a4:	4610      	mov	r0, r2
    15a6:	4619      	mov	r1, r3
    15a8:	46bd      	mov	sp, r7
    15aa:	bcb0      	pop	{r4, r5, r7}
    15ac:	4770      	bx	lr
    15ae:	bf00      	nop
    15b0:	40052000 	.word	0x40052000
    15b4:	1fff8650 	.word	0x1fff8650

000015b8 <Reset_Handler>:
    15b8:	f8df d07c 	ldr.w	sp, [pc, #124]	@ 1638 <SetSRAM3Wait+0x34>

000015bc <CopyData>:
    15bc:	491f      	ldr	r1, [pc, #124]	@ (163c <SetSRAM3Wait+0x38>)
    15be:	4a20      	ldr	r2, [pc, #128]	@ (1640 <SetSRAM3Wait+0x3c>)
    15c0:	4b20      	ldr	r3, [pc, #128]	@ (1644 <SetSRAM3Wait+0x40>)

000015c2 <CopyLoop>:
    15c2:	429a      	cmp	r2, r3
    15c4:	bfbe      	ittt	lt
    15c6:	f851 0b04 	ldrlt.w	r0, [r1], #4
    15ca:	f842 0b04 	strlt.w	r0, [r2], #4
    15ce:	e7f8      	blt.n	15c2 <CopyLoop>

000015d0 <CopyData1>:
    15d0:	491d      	ldr	r1, [pc, #116]	@ (1648 <SetSRAM3Wait+0x44>)
    15d2:	4a1e      	ldr	r2, [pc, #120]	@ (164c <SetSRAM3Wait+0x48>)
    15d4:	4b1e      	ldr	r3, [pc, #120]	@ (1650 <SetSRAM3Wait+0x4c>)

000015d6 <CopyLoop1>:
    15d6:	429a      	cmp	r2, r3
    15d8:	bfbe      	ittt	lt
    15da:	f851 0b04 	ldrlt.w	r0, [r1], #4
    15de:	f842 0b04 	strlt.w	r0, [r2], #4
    15e2:	e7f8      	blt.n	15d6 <CopyLoop1>

000015e4 <ClearBss>:
    15e4:	491b      	ldr	r1, [pc, #108]	@ (1654 <SetSRAM3Wait+0x50>)
    15e6:	4a1c      	ldr	r2, [pc, #112]	@ (1658 <SetSRAM3Wait+0x54>)
    15e8:	2000      	movs	r0, #0

000015ea <ClearLoop>:
    15ea:	4291      	cmp	r1, r2
    15ec:	bfbc      	itt	lt
    15ee:	f841 0b04 	strlt.w	r0, [r1], #4
    15f2:	e7fa      	blt.n	15ea <ClearLoop>

000015f4 <ClearBss1>:
    15f4:	4919      	ldr	r1, [pc, #100]	@ (165c <SetSRAM3Wait+0x58>)
    15f6:	4a1a      	ldr	r2, [pc, #104]	@ (1660 <SetSRAM3Wait+0x5c>)
    15f8:	2000      	movs	r0, #0

000015fa <ClearLoop1>:
    15fa:	4291      	cmp	r1, r2
    15fc:	bfbc      	itt	lt
    15fe:	f841 0b04 	strlt.w	r0, [r1], #4
    1602:	e7fa      	blt.n	15fa <ClearLoop1>

00001604 <SetSRAM3Wait>:
    1604:	4817      	ldr	r0, [pc, #92]	@ (1664 <SetSRAM3Wait+0x60>)
    1606:	f04f 0177 	mov.w	r1, #119	@ 0x77
    160a:	6001      	str	r1, [r0, #0]
    160c:	4816      	ldr	r0, [pc, #88]	@ (1668 <SetSRAM3Wait+0x64>)
    160e:	f04f 0177 	mov.w	r1, #119	@ 0x77
    1612:	6001      	str	r1, [r0, #0]
    1614:	4815      	ldr	r0, [pc, #84]	@ (166c <SetSRAM3Wait+0x68>)
    1616:	f44f 5188 	mov.w	r1, #4352	@ 0x1100
    161a:	6001      	str	r1, [r0, #0]
    161c:	4811      	ldr	r0, [pc, #68]	@ (1664 <SetSRAM3Wait+0x60>)
    161e:	f04f 0176 	mov.w	r1, #118	@ 0x76
    1622:	6001      	str	r1, [r0, #0]
    1624:	4810      	ldr	r0, [pc, #64]	@ (1668 <SetSRAM3Wait+0x64>)
    1626:	f04f 0176 	mov.w	r1, #118	@ 0x76
    162a:	6001      	str	r1, [r0, #0]
    162c:	f7ff ff68 	bl	1500 <sys_init>
    1630:	f7ff faca 	bl	bc8 <main>
    1634:	4770      	bx	lr
    1636:	0000      	.short	0x0000
    1638:	1fff9660 	.word	0x1fff9660
    163c:	00001690 	.word	0x00001690
    1640:	1fff8000 	.word	0x1fff8000
    1644:	1fff8004 	.word	0x1fff8004
    1648:	00001694 	.word	0x00001694
    164c:	200f0000 	.word	0x200f0000
    1650:	200f0000 	.word	0x200f0000
    1654:	1fff8008 	.word	0x1fff8008
    1658:	1fff865c 	.word	0x1fff865c
    165c:	200f0000 	.word	0x200f0000
    1660:	200f0000 	.word	0x200f0000
    1664:	40050804 	.word	0x40050804
    1668:	4005080c 	.word	0x4005080c
    166c:	40050800 	.word	0x40050800

00001670 <BusFault_Handler>:
    1670:	e7fe      	b.n	1670 <BusFault_Handler>
    1672:	bf00      	nop

00001674 <memcpy>:
    1674:	440a      	add	r2, r1
    1676:	4291      	cmp	r1, r2
    1678:	f100 33ff 	add.w	r3, r0, #4294967295
    167c:	d100      	bne.n	1680 <memcpy+0xc>
    167e:	4770      	bx	lr
    1680:	b510      	push	{r4, lr}
    1682:	f811 4b01 	ldrb.w	r4, [r1], #1
    1686:	f803 4f01 	strb.w	r4, [r3, #1]!
    168a:	4291      	cmp	r1, r2
    168c:	d1f9      	bne.n	1682 <memcpy+0xe>
    168e:	bd10      	pop	{r4, pc}
